run,chamber,wheel,sector,station,avg_cluster_size,occupancy,avg_bx_dist,avg_no_of_clusters,avg_multiplicity,lumisections,type,avg_efficiency,contains_zero_roll,rolls_count,fid_eff_ch_level
325000,W-2_RB1in_S01,-2,1,1,1.92346,17717,0.0089024,1.00425,1.93164,371,Col,54.6916122435,0,2,97.03738403320312
325000,W-2_RB1out_S01,-2,1,1,1.86683,15603,0.00957167,1.00384,1.87401,371,Col,60.2573318485,0,2,97.25194931030272
325000,W-2_RB2in_S01,-2,1,2,2.01042,18526,0.00922409,1.00425,2.01896,371,Col,81.7838897705,0,2,98.34893417358398
325000,W-2_RB2out_S01,-2,1,2,1.86188,15651,0.0114204,1.0031,1.86766,371,Col,84.21061960833333,0,3,98.4646224975586
325000,W-2_RB3+_S01,-2,1,3,1.86263,7173,0.00623215,1.00104,1.86457,371,Col,92.020889282,0,2,97.66786193847656
325000,W-2_RB3-_S01,-2,1,3,1.9048,7623,0.00224888,1.0005,1.90575,371,Col,92.247970581,0,2,98.01477813720705
325000,W-2_RB4+_S01,-2,1,4,1.92342,7259,0.00132485,1.00292,1.92905,371,Col,52.8846149445,0,2,85.0
325000,W-2_RB4-_S01,-2,1,4,0.0,0,0.0,0.0,0.0,371,Col,0.0,1,2,0.0
325000,W-2_RB1in_S02,-2,2,1,1.97729,19500,0.00557696,1.00428,1.98574,371,Col,55.2477302555,0,2,95.28733444213869
325000,W-2_RB1out_S02,-2,2,1,2.15019,19399,0.00642873,1.00434,2.15952,371,Col,60.968410492,0,2,97.68456649780272
325000,W-2_RB2in_S02,-2,2,2,1.81136,17514,0.00382666,1.0029,1.81662,371,Col,82.00040054300001,0,2,97.61530303955078
325000,W-2_RB2out_S02,-2,2,2,2.27942,20182,0.0106167,1.00238,2.28484,371,Col,84.72611490866667,0,3,98.38577270507812
325000,W-2_RB3+_S02,-2,2,3,0.0,0,0.0,0.0,0.0,371,Col,0.0,1,2,0.0
325000,W-2_RB3-_S02,-2,2,3,1.67911,6928,0.00339312,1.00097,1.68074,371,Col,91.644115448,0,2,97.58595657348631
325000,W-2_RB4+_S02,-2,2,4,1.84387,7499,0.00122941,1.00098,1.84568,371,Col,38.75,0,2,95.01050567626952
325000,W-2_RB4-_S02,-2,2,4,1.70738,5969,0.0128719,1.00057,1.70836,371,Col,68.1818180085,0,2,89.40886688232422
325000,W-2_RB1in_S03,-2,3,1,2.06335,19771,0.00772281,1.00377,2.07113,371,Col,54.7489738465,0,2,97.419677734375
325000,W-2_RB1out_S03,-2,3,1,2.12198,18527,0.00629939,1.00333,2.12905,371,Col,58.8453216555,0,2,97.9412078857422
325000,W-2_RB2in_S03,-2,3,2,2.16994,20200,0.00612311,1.00323,2.17696,371,Col,78.64784240750001,0,2,95.01286697387695
325000,W-2_RB2out_S03,-2,3,2,2.00999,17505,0.00620048,1.00138,2.01276,371,Col,84.11959838866666,0,3,97.9283676147461
325000,W-2_RB3+_S03,-2,3,3,1.64352,5634,0.00583431,1.00029,1.644,371,Col,81.05900955199999,0,2,88.45781707763672
325000,W-2_RB3-_S03,-2,3,3,0.0,0,0.0,0.0,0.0,371,Col,0.0,1,2,0.0
325000,W-2_RB4+_S03,-2,3,4,1.67579,6487,0.00284164,1.00078,1.67709,371,Col,62.363636017,0,2,97.89242553710938
325000,W-2_RB4-_S03,-2,3,4,1.89483,7117,0.0122471,1.00053,1.89584,371,Col,48.125,0,2,90.83968734741212
325000,W-2_RB1in_S04,-2,4,1,2.01479,18393,0.00799649,1.00407,2.02299,371,Col,54.151441574,0,2,97.5833625793457
325000,W-2_RB1out_S04,-2,4,1,2.32589,19156,0.00582807,1.00415,2.33553,371,Col,60.276550293,0,2,97.73018264770508
325000,W-2_RB2in_S04,-2,4,2,2.03258,18092,0.0188743,1.00383,2.04037,371,Col,80.69095230100001,0,2,96.8285789489746
325000,W-2_RB2out_S04,-2,4,2,1.89584,14761,0.00488055,1.00348,1.90244,371,Col,79.84323374433333,0,3,93.719970703125
325000,W-2_RB3+_S04,-2,4,3,0.0,0,0.0,0.0,0.0,371,Col,0.0,1,2,0.0
325000,W-2_RB3-_S04,-2,4,3,1.81847,6992,0.0104031,1.0013,1.82083,371,Col,91.009765625,0,2,96.31412887573242
325000,W-2_RB4++_S04,-2,4,4,1.74806,4281,0.00244998,1.00205,1.75164,371,Col,78.947368622,0,2,88.71450805664062
325000,W-2_RB4+_S04,-2,4,4,1.65497,4859,0.00340599,1.00171,1.6578,371,Col,95.548770905,0,2,98.28834533691406
325000,W-2_RB4--_S04,-2,4,4,1.63134,3987,0.00327332,1.00082,1.63268,371,Col,75.11961746200001,0,2,98.10754013061523
325000,W-2_RB4-_S04,-2,4,4,0.0,0,0.0,0.0,0.0,371,Col,0.0,1,2,0.0
325000,W-2_RB1in_S05,-2,5,1,2.15619,19106,0.00722266,1.00419,2.16523,371,Col,53.4285755155,0,2,96.83545303344728
325000,W-2_RB1out_S05,-2,5,1,1.95804,15774,0.00595829,1.00336,1.96463,371,Col,58.813856125,0,2,96.89464950561523
325000,W-2_RB2in_S05,-2,5,2,1.92366,16884,0.284835,1.00297,1.92938,371,Col,79.2812805175,0,2,95.62480926513672
325000,W-2_RB2out_S05,-2,5,2,2.05033,16743,0.0116336,1.00258,2.05562,371,Col,83.809445699,0,3,98.31829579671223
325000,W-2_RB3+_S05,-2,5,3,1.96929,7438,0.00661901,1.00133,1.9719,371,Col,91.2415237425,0,2,97.78128051757812
325000,W-2_RB3-_S05,-2,5,3,1.81946,7367,0.00765621,1.00124,1.82171,371,Col,91.85521698,0,2,98.01891326904295
325000,W-2_RB4+_S05,-2,5,4,0.0,0,0.0,0.0,0.0,371,Col,0.0,1,2,0.0
325000,W-2_RB4-_S05,-2,5,4,0.0,0,0.0,0.0,0.0,371,Col,0.0,1,2,0.0
325000,W-2_RB1in_S06,-2,6,1,2.05835,18768,0.00318052,1.00485,2.06833,371,Col,54.8598079685,0,2,97.6708526611328
325000,W-2_RB1out_S06,-2,6,1,2.32178,19691,0.00660299,1.00414,2.3314,371,Col,60.7432403565,0,2,97.92952346801758
325000,W-2_RB2in_S06,-2,6,2,2.20439,20309,0.010203,1.00338,2.21183,371,Col,82.4359321595,0,2,98.4531478881836
325000,W-2_RB2out_S06,-2,6,2,1.97542,16558,0.00799332,1.00155,1.97849,371,Col,84.56394704166667,0,3,98.35189819335938
325000,W-2_RB3+_S06,-2,6,3,1.717,6789,0.00151745,1.00051,1.71786,371,Col,91.9253807065,0,2,98.1580924987793
325000,W-2_RB3-_S06,-2,6,3,1.70365,6956,0.00661278,1.00172,1.70658,371,Col,91.8585777285,0,2,96.82381057739258
325000,W-2_RB4+_S06,-2,6,4,1.83447,6716,0.00682874,1.00082,1.83598,371,Col,69.047618866,0,2,100.0
325000,W-2_RB4-_S06,-2,6,4,1.75033,6597,0.00344919,1.00213,1.75405,371,Col,25.0,0,2,96.55830001831056
325000,W-2_RB1in_S07,-2,7,1,2.05869,18522,0.0062243,1.00424,2.06742,371,Col,53.3542690275,0,2,97.15900039672852
325000,W-2_RB1out_S07,-2,7,1,1.90876,15774,0.0054453,1.00352,1.91548,371,Col,59.308889389,0,2,98.06400680541992
325000,W-2_RB2in_S07,-2,7,2,1.9933,16062,0.000496401,1.00324,1.99975,371,Col,75.18645095849999,0,2,90.85197067260742
325000,W-2_RB2out_S07,-2,7,2,1.843,14674,0.00339111,1.00328,1.84904,371,Col,82.80565134666666,0,3,98.29219818115234
325000,W-2_RB3+_S07,-2,7,3,2.14255,7906,0.00894309,1.00109,2.14487,371,Col,91.9850769045,0,2,97.15008163452148
325000,W-2_RB3-_S07,-2,7,3,1.97069,7530,0.00523423,1.00131,1.97327,371,Col,92.545402527,0,2,97.70867919921876
325000,W-2_RB4+_S07,-2,7,4,1.85845,6276,0.00118448,1.00208,1.86231,371,Col,65.0,0,2,97.36842346191406
325000,W-2_RB4-_S07,-2,7,4,0.0,0,0.0,0.0,0.0,371,Col,0.0,1,2,0.0
325000,W-2_RB1in_S08,-2,8,1,1.94261,17569,0.00552853,1.00389,1.95016,371,Col,50.2693805695,0,2,95.54167556762695
325000,W-2_RB1out_S08,-2,8,1,1.49332,10737,0.00667594,1.00307,1.49791,371,Col,48.8502845765,0,2,81.32429504394531
325000,W-2_RB2in_S08,-2,8,2,2.13591,19330,0.0170166,1.00399,2.14444,371,Col,80.6182632445,0,2,97.5537567138672
325000,W-2_RB2out_S08,-2,8,2,1.97981,16078,0.00898904,1.00358,1.9869,371,Col,83.551859538,0,3,98.59697723388672
325000,W-2_RB3+_S08,-2,8,3,1.74604,7047,0.00569871,1.00174,1.74907,371,Col,92.894378662,0,2,99.30371475219728
325000,W-2_RB3-_S08,-2,8,3,2.09282,8162,0.00410256,1.00128,2.09551,371,Col,93.045349121,0,2,98.67413711547852
325000,W-2_RB4+_S08,-2,8,4,0.0,0,0.0,0.0,0.0,371,Col,0.0,1,2,0.0
325000,W-2_RB4-_S08,-2,8,4,1.35851,4676,0.00290529,1.00087,1.3597,371,Col,63.541667938,0,2,89.07223129272461
325000,W-2_RB1in_S09,-2,9,1,1.93927,17595,0.00859694,1.00398,1.947,371,Col,54.278991699,0,2,96.93518447875977
325000,W-2_RB1out_S09,-2,9,1,1.96019,16248,0.00977199,1.00339,1.96683,371,Col,59.3693962095,0,2,97.26222610473631
325000,W-2_RB2in_S09,-2,9,2,2.16579,19412,0.00926029,1.00302,2.17234,371,Col,80.395954132,0,2,97.55072402954102
325000,W-2_RB2out_S09,-2,9,2,1.70849,13779,0.00843149,1.00174,1.71146,371,Col,82.25275166833332,0,3,96.120849609375
325000,W-2_RB3+_S09,-2,9,3,1.84561,6993,0.00448667,1.00291,1.85098,371,Col,87.7790489195,0,2,94.60739135742188
325000,W-2_RB3-_S09,-2,9,3,1.88437,7317,0.00746845,1.00155,1.88728,371,Col,92.0072441105,0,2,98.63176345825195
325000,W-2_RB4_S09,-2,9,4,1.73532,6799,0.00153139,1.00179,1.73843,371,Col,53.529411316,0,2,98.0596809387207
325000,W-2_RB1in_S10,-2,10,1,2.39563,21587,0.00454999,1.00312,2.40309,371,Col,54.4970054625,0,2,96.65889739990234
325000,W-2_RB1out_S10,-2,10,1,1.89122,15752,0.00504262,1.00301,1.89692,371,Col,58.340938568,0,2,95.08088302612305
325000,W-2_RB2in_S10,-2,10,2,2.02169,18917,0.00213744,1.00268,2.02711,371,Col,82.54204177849999,0,2,99.06064224243164
325000,W-2_RB2out_S10,-2,10,2,2.06214,17687,0.00466364,1.00163,2.06551,371,Col,83.98572031633334,0,3,98.07383982340497
325000,W-2_RB3+_S10,-2,10,3,1.61966,6524,0.00273088,1.00149,1.62208,371,Col,92.068244934,0,2,98.12469100952148
325000,W-2_RB3-_S10,-2,10,3,1.79214,6794,0.00290161,1.00079,1.79356,371,Col,85.69002914449999,0,2,92.81155395507812
325000,W-2_RB4+_S10,-2,10,4,1.81231,8864,0.0028624,1.00164,1.81528,371,Col,94.6858520505,0,2,98.8073387145996
325000,W-2_RB4-_S10,-2,10,4,1.86067,9041,0.0057625,1.00227,1.86489,371,Col,95.434638977,0,2,98.39999389648438
325000,W-2_RB1in_S11,-2,11,1,2.17808,18200,0.00730014,1.0036,2.18592,371,Col,49.7558345795,0,2,88.52924346923828
325000,W-2_RB1out_S11,-2,11,1,2.0868,17358,0.00336619,1.00386,2.09486,371,Col,58.082584381,0,2,96.05065155029295
325000,W-2_RB2in_S11,-2,11,2,2.16599,20395,0.0049915,1.00341,2.17338,371,Col,81.001747131,0,2,97.77768325805664
325000,W-2_RB2out_S11,-2,11,2,1.96601,16890,0.00477244,1.00245,1.97083,371,Col,84.16363779699999,0,3,98.37352498372395
325000,W-2_RB3+_S11,-2,11,3,1.96247,7895,0.00521999,1.00199,1.96638,371,Col,92.352245331,0,2,98.12969207763672
325000,W-2_RB3-_S11,-2,11,3,1.91855,7820,0.0434249,1.00049,1.91949,371,Col,91.619995117,0,2,97.94259643554688
325000,W-2_RB4_S11,-2,11,4,1.8375,7576,0.00994422,1.00146,1.84017,371,Col,70.0,0,2,98.52655029296876
325000,W-2_RB1in_S12,-2,12,1,2.11815,19146,0.0069698,1.00411,2.12686,371,Col,55.026735306,0,2,98.0109634399414
325000,W-2_RB1out_S12,-2,12,1,1.99498,16303,0.010279,1.00319,2.00135,371,Col,59.3142700195,0,2,97.70977020263672
325000,W-2_RB2in_S12,-2,12,2,2.12289,18639,0.0135535,1.00389,2.13115,371,Col,79.6945381165,0,2,96.5452880859375
325000,W-2_RB2out_S12,-2,12,2,1.88257,15614,0.00711358,1.00327,1.88871,371,Col,83.41964467366667,0,3,99.0317611694336
325000,W-2_RB3+_S12,-2,12,3,0.0,0,0.0,0.0,0.0,371,Col,0.0,1,2,0.0
325000,W-2_RB3-_S12,-2,12,3,2.78022,11246,0.00593325,1.00074,2.78229,371,Col,94.2029304505,0,2,99.56582260131836
325000,W-2_RB4+_S12,-2,12,4,1.79111,6851,0.00496732,1.00157,1.79393,371,Col,59.821428299,0,2,97.34966659545898
325000,W-2_RB4-_S12,-2,12,4,1.68457,4956,0.00373895,1.00068,1.68571,371,Col,15.3846149445,0,2,98.37965393066406
325000,W-1_RB1in_S01,-1,1,1,2.10185,29138,0.00447234,1.00697,2.11651,371,Col,85.95671463,0,2,97.7275390625
325000,W-1_RB1out_S01,-1,1,1,2.08936,26071,0.00705241,1.00613,2.10216,371,Col,86.640613556,0,2,98.18519973754884
325000,W-1_RB2in_S01,-1,1,2,1.93091,24148,0.002079,1.00482,1.94022,371,Col,90.80406697566666,0,3,97.67418162027997
325000,W-1_RB2out_S01,-1,1,2,2.02036,22226,0.00499955,1.00402,2.02847,371,Col,90.07150268550001,0,2,96.27758026123048
325000,W-1_RB3+_S01,-1,1,3,0.0,0,0.0,0.0,0.0,371,Col,0.0,1,2,0.0
325000,W-1_RB3-_S01,-1,1,3,0.0,0,0.0,0.0,0.0,371,Col,0.0,1,2,0.0
325000,W-1_RB4+_S01,-1,1,4,2.06802,10702,0.00714976,1.00213,2.07242,371,Col,89.583332062,0,2,98.78339385986328
325000,W-1_RB4-_S01,-1,1,4,0.0,0,0.0,0.0,0.0,371,Col,0.0,1,2,0.0
325000,W-1_RB1in_S02,-1,2,1,2.17929,31506,0.00643287,1.00473,2.18959,371,Col,84.501773834,0,2,95.42819595336914
325000,W-1_RB1out_S02,-1,2,1,2.394,30636,0.00593889,1.00447,2.40471,371,Col,84.438167572,0,2,95.74747085571288
325000,W-1_RB2in_S02,-1,2,2,2.24222,28734,0.00991026,1.00345,2.24994,371,Col,91.29195658366666,0,3,98.7117665608724
325000,W-1_RB2out_S02,-1,2,2,1.78141,20023,0.00524911,1.00303,1.78681,371,Col,89.73328018149999,0,2,95.63640594482422
325000,W-1_RB3+_S02,-1,2,3,1.73999,9730,0.00143062,1.00125,1.74217,371,Col,94.2522735595,0,2,98.35219955444336
325000,W-1_RB3-_S02,-1,2,3,1.82597,9464,0.00463052,1.00116,1.82809,371,Col,93.0425338745,0,2,97.6001434326172
325000,W-1_RB4+_S02,-1,2,4,0.0,0,0.0,0.0,0.0,371,Col,0.0,1,2,0.0
325000,W-1_RB4-_S02,-1,2,4,0.0,0,0.0,0.0,0.0,371,Col,0.0,1,2,0.0
325000,W-1_RB1in_S03,-1,3,1,2.22313,24908,0.141378,1.00493,2.2341,371,Col,83.074333191,0,2,96.00554275512695
325000,W-1_RB1out_S03,-1,3,1,2.29992,23220,0.160856,1.00348,2.30792,371,Col,84.647109985,0,2,98.0428352355957
325000,W-1_RB2in_S03,-1,3,2,1.7979,17997,0.158142,1.00301,1.80331,371,Col,87.45416514100002,0,3,98.02154032389323
325000,W-1_RB2out_S03,-1,3,2,1.78538,16313,0.174893,1.00351,1.79165,371,Col,88.7158088685,0,2,94.55361557006836
325000,W-1_RB3+_S03,-1,3,3,1.70404,6869,0.384768,1.00224,1.70786,371,Col,93.828399658,0,2,98.15592956542967
325000,W-1_RB3-_S03,-1,3,3,1.70957,7611,0.00763702,1.00112,1.71149,371,Col,93.763504028,0,2,98.36535263061523
325000,W-1_RB4+_S03,-1,3,4,1.65962,5812,0.00656768,1.00114,1.66152,371,Col,97.791797638,0,2,97.85554122924805
325000,W-1_RB4-_S03,-1,3,4,1.52307,5710,0.00266738,1.00134,1.52511,371,Col,73.6842098235,0,2,98.176025390625
325000,W-1_RB1in_S04,-1,4,1,2.38629,33105,0.00872198,1.0066,2.40205,371,Col,84.5031547545,0,2,97.04203414916992
325000,W-1_RB1out_S04,-1,4,1,1.78831,10247,0.00802792,1.00509,1.7974,371,Col,40.5172424315,1,2,47.250953674316406
325000,W-1_RB2in_S04,-1,4,2,1.76297,19881,0.0220803,1.00356,1.76924,371,Col,82.16265360533333,0,3,91.5570831298828
325000,W-1_RB2out_S04,-1,4,2,0.0,0,0.0,0.0,0.0,371,Col,0.0,1,2,0.0
325000,W-1_RB3+_S04,-1,4,3,1.94032,9688,0.025035,1.001,1.94226,371,Col,92.654350281,0,2,97.1938247680664
325000,W-1_RB3-_S04,-1,4,3,1.67738,8402,0.000598922,1.0008,1.67872,371,Col,92.7234382625,0,2,97.62651443481444
325000,W-1_RB4++_S04,-1,4,4,0.0,0,0.0,0.0,0.0,371,Col,0.0,1,2,0.0
325000,W-1_RB4+_S04,-1,4,4,0.0,0,0.0,0.0,0.0,371,Col,0.0,1,2,0.0
325000,W-1_RB4--_S04,-1,4,4,1.62525,4094,0.00674871,1.0004,1.62589,371,Col,93.575271606,0,2,95.8892936706543
325000,W-1_RB4-_S04,-1,4,4,1.55959,5588,-0.000558191,1.00056,1.56046,371,Col,95.3002090455,0,2,97.81035995483398
325000,W-1_RB1in_S05,-1,5,1,1.99418,26744,0.00678547,1.00562,2.0054,371,Col,83.755870819,0,2,95.8039093017578
325000,W-1_RB1out_S05,-1,5,1,2.20122,26954,0.00653328,1.00517,2.21261,371,Col,85.96316528349999,0,2,98.15753936767578
325000,W-1_RB2in_S05,-1,5,2,1.86825,23142,0.00548963,1.00381,1.87536,371,Col,89.81467437766666,0,3,97.77452087402344
325000,W-1_RB2out_S05,-1,5,2,1.91951,21272,0.00586537,1.00408,1.92734,371,Col,91.7900657655,0,2,97.66101455688477
325000,W-1_RB3+_S05,-1,5,3,2.21091,10902,0.0123707,1.00081,2.21271,371,Col,93.325553894,0,2,97.81742095947266
325000,W-1_RB3-_S05,-1,5,3,1.81188,9246,0.00431119,1.00118,1.81401,371,Col,93.927246094,0,2,97.61609649658205
325000,W-1_RB4+_S05,-1,5,4,0.0,0,0.0,0.0,0.0,371,Col,0.0,1,2,0.0
325000,W-1_RB4-_S05,-1,5,4,0.0,0,0.0,0.0,0.0,371,Col,0.0,1,2,0.0
325000,W-1_RB1in_S06,-1,6,1,2.12717,29389,0.00723798,1.00707,2.14221,371,Col,85.16308212300001,0,2,97.57278442382812
325000,W-1_RB1out_S06,-1,6,1,2.06571,24993,0.00809984,1.00599,2.07807,371,Col,85.00338745100001,0,2,96.84125518798828
325000,W-1_RB2in_S06,-1,6,2,2.24945,26602,0.0104854,1.00467,2.25996,371,Col,87.31478373200001,0,3,95.31433359781902
325000,W-1_RB2out_S06,-1,6,2,1.82848,19797,0.00535698,1.00511,1.83782,371,Col,90.6743774415,0,2,97.13274383544922
325000,W-1_RB3+_S06,-1,6,3,1.48769,6827,0.00544781,1.00087,1.48899,371,Col,86.224845886,0,2,92.01527404785156
325000,W-1_RB3-_S06,-1,6,3,1.63096,8176,0.0031917,1.0006,1.63194,371,Col,90.898399353,0,2,96.01220703125
325000,W-1_RB4+_S06,-1,6,4,1.74315,7187,0.0264371,1.00194,1.74654,371,Col,85.416667938,0,2,97.28228759765624
325000,W-1_RB4-_S06,-1,6,4,1.84568,6554,0.0219656,1.00141,1.84828,371,Col,55.9139766695,0,2,66.03770446777344
325000,W-1_RB1in_S07,-1,7,1,2.07208,27683,0.0246257,1.00648,2.08551,371,Col,85.8810272215,0,2,98.1997299194336
325000,W-1_RB1out_S07,-1,7,1,2.0328,24229,0.00486618,1.00531,2.04361,371,Col,86.17840576149999,0,2,98.45823287963869
325000,W-1_RB2in_S07,-1,7,2,1.57626,16226,0.00582864,1.00302,1.58102,371,Col,77.24654388433333,0,3,85.23993682861328
325000,W-1_RB2out_S07,-1,7,2,0.0,0,0.0,0.0,0.0,371,Col,0.0,1,2,0.0
325000,W-1_RB3+_S07,-1,7,3,1.78534,8550,0.00417624,1.00209,1.78908,371,Col,92.789512634,0,2,97.9854850769043
325000,W-1_RB3-_S07,-1,7,3,1.85245,9253,0.0034034,1.0014,1.85505,371,Col,94.0984573365,0,2,97.75150299072266
325000,W-1_RB4+_S07,-1,7,4,0.0,0,0.0,0.0,0.0,371,Col,0.0,1,2,0.0
325000,W-1_RB4-_S07,-1,7,4,0.0,0,0.0,0.0,0.0,371,Col,0.0,1,2,0.0
325000,W-1_RB1in_S08,-1,8,1,2.0471,27208,0.0106087,1.0059,2.05918,371,Col,82.600074768,0,2,94.51638793945312
325000,W-1_RB1out_S08,-1,8,1,2.02932,24435,0.00456773,1.00518,2.03982,371,Col,83.403377533,0,2,94.76878356933594
325000,W-1_RB2in_S08,-1,8,2,2.00727,24842,0.00428248,1.00341,2.01411,371,Col,90.591257731,0,3,97.98873138427734
325000,W-1_RB2out_S08,-1,8,2,2.036,21944,0.00983485,1.00307,2.04225,371,Col,88.7958679195,0,2,95.4601593017578
325000,W-1_RB3+_S08,-1,8,3,1.73196,8665,0.00379772,1.0018,1.73508,371,Col,88.4653396605,0,2,94.55998229980467
325000,W-1_RB3-_S08,-1,8,3,1.82687,9286,0.00550856,1.00158,1.82975,371,Col,93.5731773375,0,2,97.8953094482422
325000,W-1_RB4+_S08,-1,8,4,0.0,0,0.0,0.0,0.0,371,Col,0.0,1,2,0.0
325000,W-1_RB4-_S08,-1,8,4,0.0,0,0.0,0.0,0.0,371,Col,0.0,1,2,0.0
325000,W-1_RB1in_S09,-1,9,1,2.10676,28911,0.00735991,1.0052,2.11771,371,Col,84.4810905455,0,2,95.94029235839844
325000,W-1_RB1out_S09,-1,9,1,2.2462,27516,0.00579592,1.00542,2.25837,371,Col,84.994670868,0,2,97.60558319091795
325000,W-1_RB2in_S09,-1,9,2,1.91044,23529,0.00495291,1.00277,1.91573,371,Col,89.30042775499999,0,3,97.2225596110026
325000,W-1_RB2out_S09,-1,9,2,1.78447,19324,0.00637178,1.00343,1.79059,371,Col,89.544780731,0,2,96.24675750732422
325000,W-1_RB3+_S09,-1,9,3,1.81099,8863,0.00551696,1.00143,1.81359,371,Col,92.136074066,0,2,96.08493041992188
325000,W-1_RB3-_S09,-1,9,3,1.67392,8157,0.000615637,1.00041,1.6746,371,Col,88.132324219,0,2,92.4671745300293
325000,W-1_RB4_S09,-1,9,4,1.83103,9276,0.00651402,1.00059,1.83212,371,Col,93.0367622375,0,2,96.76319122314452
325000,W-1_RB1in_S10,-1,10,1,2.26065,31631,0.0086478,1.00474,2.27136,371,Col,85.05810165400001,0,2,96.70748138427734
325000,W-1_RB1out_S10,-1,10,1,2.03714,25503,0.00798786,1.00441,2.04613,371,Col,86.196334839,0,2,97.35084533691406
325000,W-1_RB2in_S10,-1,10,2,1.82752,22590,0.00533937,1.00374,1.83435,371,Col,89.77499135333333,0,3,98.49730682373048
325000,W-1_RB2out_S10,-1,10,2,2.11835,23162,0.00722517,1.00404,2.12691,371,Col,90.855167389,0,2,97.07731246948242
325000,W-1_RB3+_S10,-1,10,3,1.97982,10006,0.00652948,1.00059,1.98099,371,Col,45.7215538025,1,2,48.66888427734375
325000,W-1_RB3-_S10,-1,10,3,1.74399,8699,0.00521251,1.0012,1.74609,371,Col,45.6426467895,1,2,47.641510009765625
325000,W-1_RB4+_S10,-1,10,4,1.95778,11267,0.00712424,1.00209,1.96187,371,Col,92.664516449,0,2,95.9819107055664
325000,W-1_RB4-_S10,-1,10,4,1.75,9961,0.00755446,1.00176,1.75308,371,Col,92.4979133605,0,2,94.83072662353516
325000,W-1_RB1in_S11,-1,11,1,2.15628,30093,0.00437088,1.0054,2.16793,371,Col,84.4703559875,0,2,96.94038009643556
325000,W-1_RB1out_S11,-1,11,1,2.04002,25641,0.0126502,1.0056,2.05144,371,Col,85.958908081,0,2,97.82807159423828
325000,W-1_RB2in_S11,-1,11,2,1.93647,23379,0.00745465,1.00349,1.94323,371,Col,86.75492350266667,0,3,92.88088989257812
325000,W-1_RB2out_S11,-1,11,2,1.96664,21871,0.00836256,1.00433,1.97516,371,Col,91.648174286,0,2,98.07952499389648
325000,W-1_RB3+_S11,-1,11,3,1.68143,6455,0.0117218,1.00052,1.6823,371,Col,67.9852199555,0,2,78.5864143371582
325000,W-1_RB3-_S11,-1,11,3,0.0,0,0.0,0.0,0.0,371,Col,0.0,1,2,0.0
325000,W-1_RB4_S11,-1,11,4,1.89061,9782,0.0059915,1.00232,1.895,371,Col,93.24980545,0,2,97.56864547729492
325000,W-1_RB1in_S12,-1,12,1,2.09478,28156,0.00505915,1.00591,2.10717,371,Col,84.05392837549999,0,2,96.59716033935548
325000,W-1_RB1out_S12,-1,12,1,2.01284,23834,0.00481378,1.00484,2.02257,371,Col,82.526649475,0,2,95.92679977416992
325000,W-1_RB2in_S12,-1,12,2,2.10348,25877,0.00609657,1.00416,2.11224,371,Col,90.47298177066666,0,3,97.98697408040364
325000,W-1_RB2out_S12,-1,12,2,1.55783,14452,0.00646761,1.0039,1.5639,371,Col,76.330490112,0,2,83.77078247070312
325000,W-1_RB3+_S12,-1,12,3,0.0,0,0.0,0.0,0.0,371,Col,0.0,1,2,0.0
325000,W-1_RB3-_S12,-1,12,3,1.67102,8188,0.00265306,1.00102,1.67273,371,Col,93.654521942,0,2,96.95145797729492
325000,W-1_RB4+_S12,-1,12,4,1.45001,6483,0.0073809,1.0009,1.45131,371,Col,88.0,0,2,88.49615097045898
325000,W-1_RB4-_S12,-1,12,4,1.65486,5375,0.00123153,1.00154,1.65742,371,Col,90.625,0,2,97.41533279418944
325000,W+0_RB1in_S01,0,1,1,2.20432,34469,0.00613929,1.00527,2.21594,371,Col,86.1048316955,0,2,95.92091369628906
325000,W+0_RB1out_S01,0,1,1,2.02409,28900,0.00336182,1.00429,2.03278,371,Col,88.32697677600001,0,2,97.16019439697266
325000,W+0_RB2in_S01,0,1,2,2.08054,29113,0.00471664,1.00366,2.08815,371,Col,92.22988637266668,0,3,98.85145060221356
325000,W+0_RB2out_S01,0,1,2,1.95127,21704,0.00512452,1.00216,1.95549,371,Col,80.6304473875,0,2,85.13637161254883
325000,W+0_RB3+_S01,0,1,3,1.99525,11341,0.00299085,1.0007,1.99665,371,Col,94.539833069,0,2,98.34855270385742
325000,W+0_RB3-_S01,0,1,3,1.81201,10439,0.00312446,1.00052,1.81296,371,Col,94.675079346,0,2,97.3106575012207
325000,W+0_RB4+_S01,0,1,4,0.0,0,0.0,0.0,0.0,371,Col,0.0,1,2,0.0
325000,W+0_RB4-_S01,0,1,4,0.0,0,0.0,0.0,0.0,371,Col,0.0,1,2,0.0
325000,W+0_RB1in_S02,0,2,1,2.08784,35391,0.0055454,1.00498,2.09824,371,Col,82.736381531,0,2,90.31258010864258
325000,W+0_RB1out_S02,0,2,1,2.35738,38199,0.00413478,1.00446,2.3679,371,Col,90.0504455565,0,2,97.84474563598631
325000,W+0_RB2in_S02,0,2,2,2.02099,30901,0.0102681,1.00308,2.02723,371,Col,85.52787780766666,0,3,97.76763407389323
325000,W+0_RB2out_S02,0,2,2,1.95256,26797,0.00692218,1.0027,1.95784,371,Col,91.4381561275,0,2,97.1577491760254
325000,W+0_RB3+_S02,0,2,3,2.1609,14303,0.00362593,1.00091,2.16286,371,Col,93.802558899,0,2,97.5113639831543
325000,W+0_RB3-_S02,0,2,3,1.85178,10744,0.00361944,1.00086,1.85337,371,Col,87.07322692849999,0,2,91.4068717956543
325000,W+0_RB4+_S02,0,2,4,1.98158,11729,0.00287211,1.00068,1.98292,371,Col,87.36127853400001,0,2,88.77547073364258
325000,W+0_RB4-_S02,0,2,4,1.78936,8877,0.00806289,1.00101,1.79116,371,Col,95.083267212,0,2,97.39785766601562
325000,W+0_RB1in_S03,0,3,1,2.14475,31989,0.00408984,1.00438,2.15414,371,Col,87.404087067,0,2,96.08239364624023
325000,W+0_RB1out_S03,0,3,1,2.15445,29949,0.00345299,1.00463,2.16441,371,Col,89.0790672305,0,2,97.92267990112305
325000,W+0_RB2in_S03,0,3,2,2.87536,38918,0.00672331,1.00371,2.88602,371,Col,87.246213277,0,3,95.0391362508138
325000,W+0_RB2out_S03,0,3,2,1.97606,24681,0.00248199,1.0037,1.98337,371,Col,87.96791076650001,0,2,93.87891006469728
325000,W+0_RB3+_S03,0,3,3,1.95997,11017,0.00266856,1.00053,1.96102,371,Col,94.5110702515,0,2,98.66798400878906
325000,W+0_RB3-_S03,0,3,3,1.91261,9477,0.00585267,1.0002,1.913,371,Col,75.163881302,0,2,81.00581741333008
325000,W+0_RB4+_S03,0,3,4,1.65878,9110,0.00382374,1.00128,1.66089,371,Col,95.655006409,0,2,96.69546127319336
325000,W+0_RB4-_S03,0,3,4,1.81797,10217,0.00533808,1.00089,1.81959,371,Col,95.6586608885,0,2,98.10585403442384
325000,W+0_RB1in_S04,0,4,1,2.02535,29566,0.00349363,1.00565,2.03679,371,Col,87.899700165,0,2,97.1236457824707
325000,W+0_RB1out_S04,0,4,1,2.06376,27351,0.0048291,1.00592,2.07598,371,Col,87.170955658,0,2,96.93717956542967
325000,W+0_RB2in_S04,0,4,2,1.92132,25617,0.00562514,1.00376,1.92856,371,Col,91.04335021966664,0,3,98.31410471598308
325000,W+0_RB2out_S04,0,4,2,1.97736,23758,0.00316271,1.00401,1.98529,371,Col,90.3797569275,0,2,96.57278060913086
325000,W+0_RB3+_S04,0,4,3,0.0,0,0.0,0.0,0.0,371,Col,0.0,1,2,0.0
325000,W+0_RB3-_S04,0,4,3,1.65338,9001,0.00514328,1.0011,1.6552,371,Col,92.4420928955,0,2,95.27522277832033
325000,W+0_RB4++_S04,0,4,4,1.67556,5278,0.0031746,1.00095,1.67715,371,Col,95.4335021975,0,2,97.2674331665039
325000,W+0_RB4+_S04,0,4,4,1.8668,7652,0.00756282,1.00122,1.86908,371,Col,95.5225410465,0,2,97.45791244506836
325000,W+0_RB4--_S04,0,4,4,1.65246,5235,0.00347222,1.00032,1.65298,371,Col,96.386455536,0,2,98.06604385375977
325000,W+0_RB4-_S04,0,4,4,1.64908,6565,0.00226074,1.0005,1.64991,371,Col,95.3411598205,0,2,97.64627075195312
325000,W+0_RB1in_S05,0,5,1,2.12553,32867,0.00388023,1.00671,2.13978,371,Col,87.952354431,0,2,97.31609344482422
325000,W+0_RB1out_S05,0,5,1,2.13317,29442,0.00427474,1.00561,2.14514,371,Col,88.3647994995,0,2,97.66016006469728
325000,W+0_RB2in_S05,0,5,2,1.5031,14804,0.00670119,1.00387,1.50892,371,Col,66.17066574100001,0,3,70.72751108805339
325000,W+0_RB2out_S05,0,5,2,1.80333,20594,0.00499124,1.00369,1.80998,371,Col,85.75667572,0,2,92.2885284423828
325000,W+0_RB3+_S05,0,5,3,1.68141,8893,0.00888637,1.00133,1.68364,371,Col,92.276893616,0,2,96.11326599121094
325000,W+0_RB3-_S05,0,5,3,1.87129,10526,0.00462222,1.00125,1.87362,371,Col,94.5326118465,0,2,98.18242645263672
325000,W+0_RB4+_S05,0,5,4,1.56291,7105,0.00527937,1.00176,1.56567,371,Col,94.410366058,0,2,96.80207443237305
325000,W+0_RB4-_S05,0,5,4,1.64378,8186,0.00461847,1.0004,1.64444,371,Col,92.865188599,0,2,94.60459899902344
325000,W+0_RB1in_S06,0,6,1,2.28374,34964,0.00744611,1.00611,2.29769,371,Col,87.8200035095,0,2,96.68750762939452
325000,W+0_RB1out_S06,0,6,1,2.21104,30550,0.00521097,1.00553,2.22327,371,Col,88.792568207,0,2,97.6491355895996
325000,W+0_RB2in_S06,0,6,2,2.27458,30841,0.0145291,1.00474,2.28536,371,Col,91.75364939366666,0,3,98.97787475585938
325000,W+0_RB2out_S06,0,6,2,2.07359,24740,0.00460984,1.00472,2.08337,371,Col,90.7469673155,0,2,97.8803596496582
325000,W+0_RB3+_S06,0,6,3,1.7997,9704,0.0027819,1.00111,1.80171,371,Col,93.98311615,0,2,98.03229141235352
325000,W+0_RB3-_S06,0,6,3,1.75246,9437,0.00538533,1.00093,1.75409,371,Col,92.9807395935,0,2,98.13312911987305
325000,W+0_RB4+_S06,0,6,4,1.7025,7886,0.00626079,1.00086,1.70398,371,Col,95.64491272,0,2,97.52333450317384
325000,W+0_RB4-_S06,0,6,4,1.68422,9051,0.00353554,1.00186,1.68736,371,Col,96.076648712,0,2,97.37240600585938
325000,W+0_RB1in_S07,0,7,1,2.12926,31628,0.0206678,1.00541,2.14079,371,Col,88.6526527405,0,2,96.4882469177246
325000,W+0_RB1out_S07,0,7,1,2.25866,28676,0.00748267,1.00427,2.26831,371,Col,86.371871948,0,2,95.98108291625977
325000,W+0_RB2in_S07,0,7,2,2.23284,29047,0.00630333,1.00409,2.24197,371,Col,91.89926656066666,0,3,98.7039311726888
325000,W+0_RB2out_S07,0,7,2,2.13534,24076,0.0086918,1.00347,2.14276,371,Col,88.1023139955,0,2,93.66231536865234
325000,W+0_RB3+_S07,0,7,3,2.2509,11887,0.00700625,1.00076,2.25261,371,Col,95.460391998,0,2,98.6031265258789
325000,W+0_RB3-_S07,0,7,3,2.01622,10813,0.00391572,1.00149,2.01923,371,Col,93.754924774,0,2,98.01958847045898
325000,W+0_RB4+_S07,0,7,4,0.0,0,0.0,0.0,0.0,371,Col,0.0,1,2,0.0
325000,W+0_RB4-_S07,0,7,4,0.0,0,0.0,0.0,0.0,371,Col,0.0,1,2,0.0
325000,W+0_RB1in_S08,0,8,1,1.98745,31191,0.00363196,1.00519,1.99776,371,Col,84.98240661599999,0,2,93.96453094482422
325000,W+0_RB1out_S08,0,8,1,2.19493,31596,0.0035429,1.0044,2.20458,371,Col,88.228996277,0,2,97.2868881225586
325000,W+0_RB2in_S08,0,8,2,2.32496,31938,0.0118658,1.00402,2.33431,371,Col,91.46172332766666,0,3,97.92981211344402
325000,W+0_RB2out_S08,0,8,2,2.02765,24859,0.00236542,1.00368,2.03512,371,Col,90.7876815795,0,2,97.0866470336914
325000,W+0_RB3+_S08,0,8,3,2.06603,11264,0.00348496,1.00055,2.06717,371,Col,88.276920319,0,2,91.36468124389648
325000,W+0_RB3-_S08,0,8,3,1.78314,9982,0.00178635,1.00161,1.78601,371,Col,94.490825653,0,2,98.52481842041016
325000,W+0_RB4+_S08,0,8,4,1.79399,6810,0.00474183,1.00105,1.79589,371,Col,95.6810531615,0,2,97.58430099487305
325000,W+0_RB4-_S08,0,8,4,2.09854,11372,0.00608968,1.00185,2.10242,371,Col,95.532928467,0,2,96.18671035766602
325000,W+0_RB1in_S09,0,9,1,2.15392,33222,0.000713174,1.00561,2.16599,371,Col,87.643074036,0,2,95.31576538085938
325000,W+0_RB1out_S09,0,9,1,2.16505,28964,0.0134549,1.00481,2.17545,371,Col,85.39635086050001,0,2,94.26116561889648
325000,W+0_RB2in_S09,0,9,2,2.07598,29263,0.00872588,1.00363,2.08352,371,Col,91.75194040933332,0,3,98.3768564860026
325000,W+0_RB2out_S09,0,9,2,1.95063,24455,0.00111669,1.00368,1.95781,371,Col,91.703113556,0,2,97.65348434448242
325000,W+0_RB3+_S09,0,9,3,2.06233,11316,0.00710771,1.00109,2.06459,371,Col,94.27223587,0,2,98.16636276245116
325000,W+0_RB3-_S09,0,9,3,2.41494,14096,0.0113072,1.00069,2.4166,371,Col,95.2071762085,0,2,98.52563858032228
325000,W+0_RB4_S09,0,9,4,1.93057,10900,0.00743889,1.00089,1.93228,371,Col,95.6089782715,0,2,97.2758560180664
325000,W+0_RB1in_S10,0,10,1,2.06098,31397,0.0040042,1.00667,2.07474,371,Col,87.963851929,0,2,96.64823150634766
325000,W+0_RB1out_S10,0,10,1,2.0196,27412,0.0128196,1.00496,2.02962,371,Col,88.2900238035,0,2,97.68674087524414
325000,W+0_RB2in_S10,0,10,2,1.95079,25370,0.00322953,1.00316,1.95696,371,Col,88.92741394066667,0,3,96.03140513102214
325000,W+0_RB2out_S10,0,10,2,2.07612,24002,0.00787129,1.00399,2.08441,371,Col,88.5430641175,0,2,95.66343307495116
325000,W+0_RB3+_S10,0,10,3,1.99868,10571,0.00491586,1.00057,1.99981,371,Col,93.4100914,0,2,97.40839004516602
325000,W+0_RB3-_S10,0,10,3,1.89031,9478,0.00598325,1.0008,1.89182,371,Col,86.79211807249999,0,2,90.99227523803712
325000,W+0_RB4+_S10,0,10,4,1.8451,10661,0.0064036,1.00121,1.84734,371,Col,91.136116028,0,2,93.9358367919922
325000,W+0_RB4-_S10,0,10,4,1.701,10701,0.00381497,1.00191,1.70425,371,Col,95.4447097775,0,2,97.89936447143556
325000,W+0_RB1in_S11,0,11,1,2.205,32709,0.0053256,1.00569,2.21756,371,Col,86.1385116575,0,2,95.17074966430664
325000,W+0_RB1out_S11,0,11,1,2.13145,28570,0.00522232,1.00472,2.14152,371,Col,87.7854766845,0,2,97.20652770996094
325000,W+0_RB2in_S11,0,11,2,2.0205,26509,0.00678354,1.00406,2.0287,371,Col,89.674313863,0,3,97.47396341959636
325000,W+0_RB2out_S11,0,11,2,1.93167,22504,0.0200858,1.00405,1.9395,371,Col,88.95166397099999,0,2,95.61925506591795
325000,W+0_RB3+_S11,0,11,3,1.83914,9981,0.00405381,1.00055,1.84015,371,Col,95.127799988,0,2,97.75680923461914
325000,W+0_RB3-_S11,0,11,3,1.91891,8401,0.00502513,1.00069,1.92023,371,Col,76.393205643,0,2,80.72721481323242
325000,W+0_RB4_S11,0,11,4,1.75931,9071,0.00484872,1.00194,1.76273,371,Col,92.254989624,0,2,92.53703689575195
325000,W+0_RB1in_S12,0,12,1,2.08981,31949,0.00510204,1.00513,2.10053,371,Col,87.990802765,0,2,96.36460876464844
325000,W+0_RB1out_S12,0,12,1,2.01904,27891,0.00767337,1.00458,2.02829,371,Col,88.579711914,0,2,98.12559127807616
325000,W+0_RB2in_S12,0,12,2,2.0423,26746,0.00702505,1.00422,2.05092,371,Col,90.22743733733334,0,3,97.74612935384114
325000,W+0_RB2out_S12,0,12,2,1.99017,23484,0.00855932,1.00349,1.99711,371,Col,90.4447250365,0,2,97.35881805419922
325000,W+0_RB3+_S12,0,12,3,1.94204,10823,0.00322986,1.00144,1.94483,371,Col,94.0395774845,0,2,98.44784164428712
325000,W+0_RB3-_S12,0,12,3,2.17638,11537,0.0115073,1.00113,2.17885,371,Col,93.956539154,0,2,97.1809539794922
325000,W+0_RB4+_S12,0,12,4,2.04567,11018,0.00557,1.00205,2.04986,371,Col,96.372055054,0,2,98.4768180847168
325000,W+0_RB4-_S12,0,12,4,1.88135,6485,0.00522193,1.00116,1.88353,371,Col,92.4518089295,0,2,96.01312637329102
325000,W+1_RB1in_S01,1,1,1,1.94538,27496,0.00360832,1.00605,1.95715,371,Col,86.787387848,0,2,95.41471481323242
325000,W+1_RB1out_S01,1,1,1,2.07004,24472,0.00448317,1.00519,2.08078,371,Col,83.334171295,0,2,91.94785690307616
325000,W+1_RB2in_S01,1,1,2,1.65957,18778,0.0048608,1.00381,1.6659,371,Col,78.33094278966666,0,3,85.06219736735027
325000,W+1_RB2out_S01,1,1,2,1.90906,22126,0.00336497,1.00494,1.91849,371,Col,91.195522308,0,2,97.63999938964844
325000,W+1_RB3+_S01,1,1,3,1.97215,10267,0.00230503,1.00096,1.97404,371,Col,94.161331177,0,2,98.24771118164062
325000,W+1_RB3-_S01,1,1,3,1.96839,10710,0.00441095,1.0011,1.97056,371,Col,91.9108848575,0,2,96.90932083129884
325000,W+1_RB4+_S01,1,1,4,1.90748,10144,0.00488906,1.00207,1.91144,371,Col,80.90909194950001,0,2,97.59202575683594
325000,W+1_RB4-_S01,1,1,4,1.74549,7064,0.00494193,1.00124,1.74765,371,Col,78.5714302065,0,2,89.07544708251953
325000,W+1_RB1in_S02,1,2,1,2.34272,39620,0.00443472,1.00679,2.35861,371,Col,85.813957214,0,2,95.05240631103516
325000,W+1_RB1out_S02,1,2,1,2.19477,33795,0.00487076,1.00581,2.20752,371,Col,85.812225342,0,2,95.04003524780272
325000,W+1_RB2in_S02,1,2,2,1.97016,28987,0.00217495,1.00423,1.9785,371,Col,87.39804840066667,0,3,93.9876963297526
325000,W+1_RB2out_S02,1,2,2,2.16207,28535,0.00280346,1.00411,2.17095,371,Col,89.26811981200001,0,2,94.63722610473631
325000,W+1_RB3+_S02,1,2,3,1.89061,11684,0.00355987,1.00097,1.89245,371,Col,89.55081558250001,0,2,91.92789077758788
325000,W+1_RB3-_S02,1,2,3,1.78745,10941,0.00245058,1.00098,1.78921,371,Col,92.550304413,0,2,96.52498626708984
325000,W+1_RB4+_S02,1,2,4,1.73819,10888,0.00319285,1.00064,1.7393,371,Col,77.7089767455,0,2,95.0121841430664
325000,W+1_RB4-_S02,1,2,4,1.72841,7726,0.00447427,1.00045,1.72919,371,Col,81.59340667750001,0,2,96.6439208984375
325000,W+1_RB1in_S03,1,3,1,2.07065,29954,0.0111295,1.00542,2.08187,371,Col,85.705749512,0,2,97.29029846191406
325000,W+1_RB1out_S03,1,3,1,1.51572,17264,0.00544337,1.00432,1.52226,371,Col,75.123004913,0,2,85.2016830444336
325000,W+1_RB2in_S03,1,3,2,2.24525,29442,0.00838862,1.00375,2.25367,371,Col,89.83515421566666,0,3,97.18592580159503
325000,W+1_RB2out_S03,1,3,2,1.886,21655,0.00548685,1.00455,1.89458,371,Col,88.7889175415,0,2,96.05776977539062
325000,W+1_RB3+_S03,1,3,3,1.84592,9165,0.00503525,1.00121,1.84815,371,Col,94.6575851445,0,2,98.05384063720705
325000,W+1_RB3-_S03,1,3,3,1.8712,10518,0.00569294,1.00143,1.87386,371,Col,93.1075897215,0,2,98.17866134643556
325000,W+1_RB4+_S03,1,3,4,1.68752,8441,0.00359856,1.0006,1.68854,371,Col,91.6037635805,0,2,97.42695236206056
325000,W+1_RB4-_S03,1,3,4,1.74951,8926,0.00372403,1.00078,1.75088,371,Col,81.76328277600001,0,2,98.06089782714844
325000,W+1_RB1in_S04,1,4,1,1.96808,22194,0.00966569,1.00589,1.97966,371,Col,84.19357299800001,0,2,96.73785400390624
325000,W+1_RB1out_S04,1,4,1,1.98062,19723,0.00471982,1.00474,1.99001,371,Col,85.391506195,0,2,97.60150146484376
325000,W+1_RB2in_S04,1,4,2,2.01661,16750,0.0144474,1.00314,2.02295,371,Col,74.55786005666667,0,3,81.00081888834636
325000,W+1_RB2out_S04,1,4,2,1.65207,14487,0.0109477,1.00274,1.6566,371,Col,88.78404617300001,0,2,96.51622772216795
325000,W+1_RB3+_S04,1,4,3,1.59087,5926,0.00483221,1.00054,1.59173,371,Col,92.716320038,0,2,98.0892562866211
325000,W+1_RB3-_S04,1,4,3,1.70076,6951,0.0034255,1.00147,1.70326,371,Col,91.901123047,0,2,98.17236328125
325000,W+1_RB4++_S04,1,4,4,0.0,0,0.0,0.0,0.0,371,Col,0.0,1,2,0.0
325000,W+1_RB4+_S04,1,4,4,0.0,0,0.0,0.0,0.0,371,Col,0.0,1,2,0.0
325000,W+1_RB4--_S04,1,4,4,0.0,0,0.0,0.0,0.0,371,Col,0.0,1,2,0.0
325000,W+1_RB4-_S04,1,4,4,0.0,0,0.0,0.0,0.0,371,Col,0.0,1,2,0.0
325000,W+1_RB1in_S05,1,5,1,2.05985,26741,0.124172,1.00488,2.0699,371,Col,80.9800224305,0,2,92.97933197021484
325000,W+1_RB1out_S05,1,5,1,2.18652,25567,0.135295,1.00395,2.19516,371,Col,82.0022735595,0,2,92.5625114440918
325000,W+1_RB2in_S05,1,5,2,2.09387,25407,0.016153,1.00372,2.10166,371,Col,91.22069040966666,0,3,98.0972391764323
325000,W+1_RB2out_S05,1,5,2,1.86304,19180,0.0053424,1.00361,1.86976,371,Col,88.7736473085,0,2,94.90884399414062
325000,W+1_RB3+_S05,1,5,3,1.85124,9134,0.00304013,1.00041,1.85199,371,Col,94.6544265745,0,2,98.98666763305664
325000,W+1_RB3-_S05,1,5,3,1.87236,8963,0.00480468,1.0023,1.87668,371,Col,89.03168869000001,0,2,94.80760192871094
325000,W+1_RB4+_S05,1,5,4,1.81967,7548,0.0125362,1.00169,1.82275,371,Col,82.3076934815,0,2,98.392578125
325000,W+1_RB4-_S05,1,5,4,1.75816,8295,0.00593472,1.00255,1.76264,371,Col,94.8380584715,0,2,97.11313247680664
325000,W+1_RB1in_S06,1,6,1,2.10348,27564,0.00190781,1.00668,2.11754,371,Col,83.958946228,0,2,96.0210304260254
325000,W+1_RB1out_S06,1,6,1,2.43872,27577,0.00565971,1.00524,2.45151,371,Col,82.107952118,0,2,93.67155075073242
325000,W+1_RB2in_S06,1,6,2,2.10117,24880,0.00498269,1.00364,2.10883,371,Col,90.26686096166668,0,3,97.2224349975586
325000,W+1_RB2out_S06,1,6,2,1.95725,20465,0.00248661,1.00365,1.96439,371,Col,90.06134796149999,0,2,96.97466659545898
325000,W+1_RB3+_S06,1,6,3,1.82964,9086,0.0026178,1.00081,1.83112,371,Col,46.9189720155,1,2,49.299259185791016
325000,W+1_RB3-_S06,1,6,3,2.04533,10106,0.00425015,1.00142,2.04824,371,Col,47.0545959475,1,2,48.95833587646485
325000,W+1_RB4+_S06,1,6,4,1.77193,7435,0.0119161,1.00072,1.77319,371,Col,35.714286804,0,2,97.57437896728516
325000,W+1_RB4-_S06,1,6,4,1.67096,7907,0.00338123,1.00191,1.67415,371,Col,36.538459778,0,2,98.10536193847656
325000,W+1_RB1in_S07,1,7,1,1.99872,26615,0.00473115,1.00582,2.01035,371,Col,85.9606208805,0,2,97.58866119384766
325000,W+1_RB1out_S07,1,7,1,2.03346,24245,0.00360647,1.0048,2.04323,371,Col,85.7781295775,0,2,97.72694778442384
325000,W+1_RB2in_S07,1,7,2,2.01908,24128,0.00669456,1.00327,2.02569,371,Col,90.15751393633332,0,3,98.44847361246744
325000,W+1_RB2out_S07,1,7,2,1.9688,21074,0.00355007,1.00441,1.97748,371,Col,90.947937012,0,2,98.2694091796875
325000,W+1_RB3+_S07,1,7,3,2.29738,11032,0.0462307,1.00042,2.29833,371,Col,93.8436050415,0,2,98.18479537963869
325000,W+1_RB3-_S07,1,7,3,1.79024,8731,0.00922698,1.00144,1.79281,371,Col,92.3750953675,0,2,97.3755111694336
325000,W+1_RB4+_S07,1,7,4,1.95771,7823,0.00725726,1.0005,1.95869,371,Col,82.3529396055,0,2,98.1513557434082
325000,W+1_RB4-_S07,1,7,4,2.32048,10347,0.00381251,1.0018,2.32465,371,Col,79.8611106875,0,2,95.04972839355467
325000,W+1_RB1in_S08,1,8,1,2.29414,31728,0.00339841,1.00582,2.30749,371,Col,82.470878601,0,2,94.7319679260254
325000,W+1_RB1out_S08,1,8,1,2.20321,28102,0.00478244,1.00544,2.2152,371,Col,86.073360443,0,2,97.83399963378906
325000,W+1_RB2in_S08,1,8,2,1.93243,24310,0.00484897,1.00311,1.93844,371,Col,91.150444031,0,3,98.4646708170573
325000,W+1_RB2out_S08,1,8,2,2.13529,23296,0.00504125,1.0034,2.14255,371,Col,90.685634613,0,2,97.56500625610352
325000,W+1_RB3+_S08,1,8,3,1.82762,9701,0.0154484,1.00075,1.829,371,Col,93.7940826415,0,2,98.30578231811523
325000,W+1_RB3-_S08,1,8,3,2.04546,10033,0.00570846,1.00102,2.04755,371,Col,89.060230255,0,2,94.3716278076172
325000,W+1_RB4+_S08,1,8,4,1.86231,6695,0.0102921,1.00084,1.86386,371,Col,94.444442749,0,2,99.03940963745116
325000,W+1_RB4-_S08,1,8,4,1.77294,8925,0.00556218,1.00159,1.77577,371,Col,90.625,0,2,97.52838897705078
325000,W+1_RB1in_S09,1,9,1,2.14024,29180,0.00777468,1.00494,2.15081,371,Col,85.40147399899999,0,2,97.12541961669922
325000,W+1_RB1out_S09,1,9,1,1.84896,22720,0.00805664,1.00392,1.85621,371,Col,85.0951766965,0,2,96.85922241210938
325000,W+1_RB2in_S09,1,9,2,1.52554,17649,0.00717435,1.00312,1.5303,371,Col,81.306543986,0,3,87.37359619140625
325000,W+1_RB2out_S09,1,9,2,1.61502,16105,0.016446,1.00352,1.62071,371,Col,80.6342277525,0,2,85.38130950927734
325000,W+1_RB3+_S09,1,9,3,1.92874,8959,0.00818084,1.00173,1.93207,371,Col,88.103885651,0,2,93.69659042358398
325000,W+1_RB3-_S09,1,9,3,1.9476,8735,0.0102564,1.00134,1.95021,371,Col,78.8406791685,0,2,84.17192840576172
325000,W+1_RB4_S09,1,9,4,1.93799,10033,0.00888545,1.00116,1.94024,371,Col,95.3904457095,0,2,98.33253860473631
325000,W+1_RB1in_S10,1,10,1,2.04377,26986,0.00318085,1.00679,2.05764,371,Col,84.2582397465,0,2,96.99507522583008
325000,W+1_RB1out_S10,1,10,1,2.07302,24528,0.00456389,1.00569,2.08483,371,Col,85.7176513675,0,2,98.0370864868164
325000,W+1_RB2in_S10,1,10,2,1.89294,21837,0.00303398,1.00435,1.90118,371,Col,90.500681559,0,3,97.7156041463216
325000,W+1_RB2out_S10,1,10,2,1.94691,19510,0.00359246,1.0034,1.95354,371,Col,90.386779785,0,2,97.10599899291992
325000,W+1_RB3+_S10,1,10,3,1.93006,9521,0.00486519,1.00162,1.9332,371,Col,94.8784217835,0,2,97.50598907470705
325000,W+1_RB3-_S10,1,10,3,1.87861,8450,0.00111161,1.00111,1.8807,371,Col,91.611038208,0,2,96.13174819946288
325000,W+1_RB4+_S10,1,10,4,1.77158,10323,0.00326068,1.00172,1.77463,371,Col,96.6869926455,0,2,97.34496688842772
325000,W+1_RB4-_S10,1,10,4,1.82349,9174,0.00198768,1.00279,1.82858,371,Col,89.320575714,0,2,91.96380615234376
325000,W+1_RB1in_S11,1,11,1,2.21793,28547,0.00637091,1.0057,2.23058,371,Col,84.12097549399999,0,2,96.54060745239258
325000,W+1_RB1out_S11,1,11,1,2.09115,22459,0.00558659,1.00477,2.10113,371,Col,79.41519165049999,0,2,91.23568725585938
325000,W+1_RB2in_S11,1,11,2,1.81824,21077,0.00250173,1.00346,1.82453,371,Col,89.64659118666668,0,3,97.69718933105467
325000,W+1_RB2out_S11,1,11,2,2.03577,20433,0.00557936,1.0035,2.04289,371,Col,87.8919296265,0,2,95.36994552612305
325000,W+1_RB3+_S11,1,11,3,2.0436,9562,0.0040607,1.00064,2.04491,371,Col,94.2309494015,0,2,98.36732482910156
325000,W+1_RB3-_S11,1,11,3,1.92626,8803,0.00196937,1.00044,1.9271,371,Col,89.7610588075,0,2,96.15901184082033
325000,W+1_RB4_S11,1,11,4,1.81871,8728,0.00479267,1.00125,1.82099,371,Col,94.0967979435,0,2,97.3532485961914
325000,W+1_RB1in_S12,1,12,1,2.03351,25913,0.0043161,1.00529,2.04426,371,Col,79.731399536,0,2,89.38197708129883
325000,W+1_RB1out_S12,1,12,1,2.01536,24668,0.00718954,1.00509,2.02562,371,Col,85.530910492,0,2,98.07231521606444
325000,W+1_RB2in_S12,1,12,2,2.03039,24052,0.004052,1.00407,2.03865,371,Col,89.91289774566667,0,3,98.08691660563152
325000,W+1_RB2out_S12,1,12,2,1.51925,13769,0.00319982,1.00332,1.5243,371,Col,77.2798042295,0,2,82.87390899658203
325000,W+1_RB3+_S12,1,12,3,1.95322,9561,0.00183861,1.00164,1.95641,371,Col,92.444065094,0,2,96.6184310913086
325000,W+1_RB3-_S12,1,12,3,1.88107,9110,0.00454264,1.00124,1.8834,371,Col,93.330745697,0,2,97.86079025268556
325000,W+1_RB4+_S12,1,12,4,1.95569,9358,0.00376176,1.0023,1.9602,371,Col,92.424243927,0,2,96.09124374389648
325000,W+1_RB4-_S12,1,12,4,1.73441,5453,0.00381679,1.00127,1.73662,371,Col,90.625,0,2,97.2578239440918
325000,W+2_RB1in_S01,2,1,1,2.89482,28265,0.00634986,1.00473,2.90852,371,Col,56.5269374845,0,2,99.17391586303712
325000,W+2_RB1out_S01,2,1,1,1.59569,12298,0.00493058,1.00417,1.60235,371,Col,53.6593513485,0,2,86.40544128417969
325000,W+2_RB2in_S01,2,1,2,1.82028,16712,0.00860473,1.00262,1.82505,371,Col,65.71804809599999,0,2,97.90145874023438
325000,W+2_RB2out_S01,2,1,2,1.7547,13799,0.00572228,1.00153,1.75739,371,Col,76.71848297133333,0,3,90.69353485107422
325000,W+2_RB3+_S01,2,1,3,1.88653,7548,0.00824794,1.001,1.88842,371,Col,92.7779655455,0,2,97.81071090698242
325000,W+2_RB3-_S01,2,1,3,1.30547,4654,0.0100982,1.00112,1.30694,371,Col,79.071014404,0,2,85.27509307861328
325000,W+2_RB4+_S01,2,1,4,1.57207,5573,0.00535966,1.00141,1.57429,371,Col,46.969696045,1,2,38.88888931274414
325000,W+2_RB4-_S01,2,1,4,1.73625,6471,0.0110008,1.00134,1.73858,371,Col,65.3846149445,0,2,100.0
325000,W+2_RB1in_S02,2,2,1,2.05987,23291,0.0117626,1.00408,2.06829,371,Col,57.4134960175,0,2,97.80792999267578
325000,W+2_RB1out_S02,2,2,1,1.81444,17219,0.00210748,1.00349,1.82077,371,Col,54.99471283,0,2,90.3000030517578
325000,W+2_RB2in_S02,2,2,2,2.08576,23396,0.00454667,1.00457,2.09529,371,Col,83.80107879650001,0,2,98.53219604492188
325000,W+2_RB2out_S02,2,2,2,2.08259,21586,0.00530632,1.0031,2.08904,371,Col,86.75481160499999,0,3,98.86537170410156
325000,W+2_RB3+_S02,2,2,3,1.79065,8468,0.0038063,1.00063,1.79179,371,Col,94.017246246,0,2,98.80579376220705
325000,W+2_RB3-_S02,2,2,3,1.8131,8993,0.0227823,1.00202,1.81677,371,Col,92.038021088,0,2,98.31317520141602
325000,W+2_RB4+_S02,2,2,4,1.8469,9301,0.0186656,1.00159,1.84984,371,Col,63.67521286,0,2,97.3636360168457
325000,W+2_RB4-_S02,2,2,4,1.86337,7010,0.00877193,1.0008,1.86486,371,Col,63.636363983,0,2,97.5
325000,W+2_RB1in_S03,2,3,1,1.96933,18492,0.00340788,1.00417,1.97754,371,Col,55.1639060975,0,2,96.44297409057616
325000,W+2_RB1out_S03,2,3,1,2.07809,18335,0.00351354,1.00398,2.08637,371,Col,61.384235382,0,2,98.60277557373048
325000,W+2_RB2in_S03,2,3,2,1.96361,19536,0.00432204,1.00454,1.97254,371,Col,80.868305206,0,2,97.36924362182616
325000,W+2_RB2out_S03,2,3,2,2.15855,19319,0.00592179,1.00224,2.16338,371,Col,81.79413350433333,0,3,95.87129720052084
325000,W+2_RB3+_S03,2,3,3,2.04336,8435,0.00242248,1.00097,2.04534,371,Col,92.4498100285,0,2,97.96137237548828
325000,W+2_RB3-_S03,2,3,3,1.69013,7565,0.00290438,1.00112,1.69202,371,Col,92.3612709045,0,2,97.6928367614746
325000,W+2_RB4+_S03,2,3,4,1.89385,7600,0.00274109,1.0015,1.89668,371,Col,60.416666031,0,2,97.8594741821289
325000,W+2_RB4-_S03,2,3,4,1.52044,6249,0.0026764,1.00097,1.52192,371,Col,55.0,0,2,93.9702377319336
325000,W+2_RB1in_S04,2,4,1,2.0337,19430,0.00648943,1.00442,2.04268,371,Col,55.791082382,0,2,98.03939437866212
325000,W+2_RB1out_S04,2,4,1,1.96277,17398,0.00530235,1.00453,1.97167,371,Col,61.633956909000005,0,2,98.09272384643556
325000,W+2_RB2in_S04,2,4,2,2.01883,18981,0.00553074,1.00395,2.0268,371,Col,80.1501464845,0,2,97.80038452148438
325000,W+2_RB2out_S04,2,4,2,1.81994,15424,0.00542773,1.00272,1.82489,371,Col,83.736157735,0,3,98.10511779785156
325000,W+2_RB3+_S04,2,4,3,1.76095,6998,0.0337192,1.00227,1.76494,371,Col,93.0254592895,0,2,98.63747787475586
325000,W+2_RB3-_S04,2,4,3,1.7575,6624,0.000530645,1.00186,1.76077,371,Col,87.10247039800001,0,2,94.17206192016602
325000,W+2_RB4++_S04,2,4,4,1.6567,3991,0.00249066,1.00042,1.65739,371,Col,90.7948379515,0,2,93.73950576782228
325000,W+2_RB4+_S04,2,4,4,1.6906,4945,0.00273504,1.00068,1.69176,371,Col,95.414302826,0,2,98.8992805480957
325000,W+2_RB4--_S04,2,4,4,1.61697,4154,0.00506033,1.00117,1.61886,371,Col,69.3910274505,0,2,98.56463623046876
325000,W+2_RB4-_S04,2,4,4,1.86176,5239,0.00461976,1.00107,1.86375,371,Col,94.081977844,0,2,98.0127410888672
325000,W+2_RB1in_S05,2,5,1,2.02944,18060,0.00640521,1.00452,2.0386,371,Col,54.64097023,0,2,97.7471160888672
325000,W+2_RB1out_S05,2,5,1,2.36693,19165,0.00728665,1.00397,2.37632,371,Col,60.4533615115,0,2,98.48998641967772
325000,W+2_RB2in_S05,2,5,2,1.90191,16792,0.00577642,1.00375,1.90905,371,Col,80.8776626585,0,2,97.48674011230467
325000,W+2_RB2out_S05,2,5,2,1.95034,15829,0.00566782,1.00297,1.95613,371,Col,82.85366058333334,0,3,97.1505635579427
325000,W+2_RB3+_S05,2,5,3,1.89299,7235,0.00235479,1.00105,1.89497,371,Col,92.9271392825,0,2,98.26362228393556
325000,W+2_RB3-_S05,2,5,3,1.94463,7551,0.00257533,1.00155,1.94764,371,Col,92.1660499575,0,2,98.4793472290039
325000,W+2_RB4+_S05,2,5,4,1.768,5990,0.00236128,1.00148,1.77062,371,Col,50.0,0,2,97.7190055847168
325000,W+2_RB4-_S05,2,5,4,1.82665,6512,0.0056101,1.00084,1.82819,371,Col,68.9102554325,0,2,96.29176712036131
325000,W+2_RB1in_S06,2,6,1,1.9744,17584,0.00729845,1.00383,1.98197,371,Col,53.722909927,0,2,95.68350219726562
325000,W+2_RB1out_S06,2,6,1,1.96591,16032,0.00441447,1.00382,1.97341,371,Col,58.9621295925,0,2,97.64571380615234
325000,W+2_RB2in_S06,2,6,2,1.95907,17375,0.00800541,1.00351,1.96594,371,Col,80.8456459045,0,2,97.85652542114258
325000,W+2_RB2out_S06,2,6,2,1.993,15655,0.00738383,1.00306,1.99911,371,Col,81.52300008133334,0,3,96.70529174804688
325000,W+2_RB3+_S06,2,6,3,1.73088,6631,0.000783085,1.00157,1.73359,371,Col,92.648017883,0,2,97.97159576416016
325000,W+2_RB3-_S06,2,6,3,1.74024,6639,0.00157274,1.00079,1.74161,371,Col,91.7745132445,0,2,98.00786590576172
325000,W+2_RB4+_S06,2,6,4,1.68189,5673,0.00415061,1.00178,1.68488,371,Col,46.428571701,0,2,98.9795913696289
325000,W+2_RB4-_S06,2,6,4,1.8657,6918,0.00458468,1.0027,1.87074,371,Col,38.75,0,2,96.74493408203124
325000,W+2_RB1in_S07,2,7,1,2.11631,19214,0.00418548,1.00398,2.12474,371,Col,54.1973953245,0,2,97.08669662475586
325000,W+2_RB1out_S07,2,7,1,2.09142,17455,0.00694944,1.00313,2.09796,371,Col,59.5715522765,0,2,98.74830627441406
325000,W+2_RB2in_S07,2,7,2,2.02094,17568,0.00575175,1.00323,2.02747,371,Col,0.0,1,2,0.0
325000,W+2_RB2out_S07,2,7,2,1.87003,14547,0.00668466,1.00193,1.87365,371,Col,0.0,1,3,0.0
325000,W+2_RB3+_S07,2,7,3,1.99056,7799,0.00331802,1.00102,1.99259,371,Col,93.2624473575,0,2,97.8366928100586
325000,W+2_RB3-_S07,2,7,3,1.95091,7591,0.00488306,1.00077,1.95242,371,Col,92.296508789,0,2,98.454345703125
325000,W+2_RB4+_S07,2,7,4,1.95189,6775,0.0100835,1.00029,1.95245,371,Col,31.25,0,2,100.0
325000,W+2_RB4-_S07,2,7,4,1.84136,6732,0.00847921,1.00192,1.84489,371,Col,50.0,0,2,88.88888931274414
325000,W+2_RB1in_S08,2,8,1,2.14512,20458,0.00744469,1.00389,2.15347,371,Col,55.210420609,0,2,96.58536148071288
325000,W+2_RB1out_S08,2,8,1,2.06996,17249,0.00552022,1.00337,2.07694,371,Col,58.4793701175,0,2,92.93630599975586
325000,W+2_RB2in_S08,2,8,2,1.78239,14858,0.00839731,1.00337,1.7884,371,Col,71.678533554,0,2,89.50131607055664
325000,W+2_RB2out_S08,2,8,2,1.39595,10270,0.00842735,1.00204,1.3988,371,Col,71.35746256533334,0,3,88.87762451171875
325000,W+2_RB3+_S08,2,8,3,1.9228,7995,0.00481,1.00072,1.92419,371,Col,93.5428123475,0,2,98.69817733764648
325000,W+2_RB3-_S08,2,8,3,1.9685,7874,0.00475,1.0,1.9685,371,Col,90.782989502,0,2,96.83136749267578
325000,W+2_RB4+_S08,2,8,4,0.0,0,0.0,0.0,0.0,371,Col,0.0,1,2,0.0
325000,W+2_RB4-_S08,2,8,4,1.86799,7330,0.00764526,1.00153,1.87085,371,Col,37.254901886,0,2,96.46938705444336
325000,W+2_RB1in_S09,2,9,1,2.37566,21084,0.008,1.00441,2.38615,371,Col,54.086971283,0,2,95.50959396362305
325000,W+2_RB1out_S09,2,9,1,2.20912,18751,0.0096607,1.00331,2.21643,371,Col,60.880523682,0,2,98.26248931884766
325000,W+2_RB2in_S09,2,9,2,2.13623,19837,0.0097997,1.00367,2.14408,371,Col,86.7597351075,0,2,97.8994026184082
325000,W+2_RB2out_S09,2,9,2,1.78803,15150,0.00979582,1.00272,1.7929,371,Col,87.07047780366668,0,3,97.75848388671876
325000,W+2_RB3+_S09,2,9,3,1.70931,6668,0.00435786,1.0018,1.71238,371,Col,93.14176178,0,2,97.95644760131836
325000,W+2_RB3-_S09,2,9,3,1.96691,8025,0.00294118,1.00074,1.96836,371,Col,92.9393844605,0,2,98.62235260009766
325000,W+2_RB4_S09,2,9,4,1.83788,7403,0.00868918,1.00174,1.84108,371,Col,60.714286804,0,2,98.06859588623048
325000,W+2_RB1in_S10,2,10,1,2.12887,19245,0.00442478,1.00366,2.13667,371,Col,55.812303543,0,2,95.369873046875
325000,W+2_RB1out_S10,2,10,1,1.94914,16441,0.00604624,1.00405,1.95703,371,Col,60.9060077665,0,2,98.01938247680664
325000,W+2_RB2in_S10,2,10,2,2.21368,19487,0.0139725,1.00251,2.21922,371,Col,80.6577415465,0,2,97.69646835327148
325000,W+2_RB2out_S10,2,10,2,1.83406,14623,0.00739997,1.00214,1.83798,371,Col,82.19035593666666,0,3,95.54614766438802
325000,W+2_RB3+_S10,2,10,3,1.89119,7300,0.00518135,1.0013,1.89364,371,Col,93.507675171,0,2,98.03303909301758
325000,W+2_RB3-_S10,2,10,3,1.79233,6680,0.00295144,1.00134,1.79473,371,Col,92.083362579,0,2,98.50829315185548
325000,W+2_RB4+_S10,2,10,4,2.00107,9391,0.005114,1.00299,2.00705,371,Col,96.238498688,0,2,98.27082443237305
325000,W+2_RB4-_S10,2,10,4,1.4154,5479,0.00439163,1.00052,1.41613,371,Col,81.70651245100001,0,2,86.3385124206543
325000,W+2_RB1in_S11,2,11,1,2.4389,21916,0.011351,1.00436,2.44954,371,Col,54.86557579,0,2,96.66353225708008
325000,W+2_RB1out_S11,2,11,1,1.53657,11575,0.00637196,1.0036,1.5421,371,Col,52.6994304655,0,2,91.36760330200195
325000,W+2_RB2in_S11,2,11,2,2.01113,17706,0.00363471,1.0033,2.01778,371,Col,81.3654327395,0,2,98.71079635620116
325000,W+2_RB2out_S11,2,11,2,1.84043,14556,0.00948287,1.00228,1.84463,371,Col,82.33598581966667,0,3,98.28356424967448
325000,W+2_RB3+_S11,2,11,3,2.10033,7641,0.00109951,1.0011,2.10264,371,Col,92.137615204,0,2,97.6601333618164
325000,W+2_RB3-_S11,2,11,3,0.0,0,0.0,0.0,0.0,371,Col,0.0,1,2,0.0
325000,W+2_RB4_S11,2,11,4,1.81057,6576,0.0286344,1.0011,1.81257,371,Col,67.1717147825,0,2,91.44481658935548
325000,W+2_RB1in_S12,2,12,1,2.38971,10314,-0.000231696,1.00512,2.40196,371,Col,25.444969177,1,2,49.077667236328125
325000,W+2_RB1out_S12,2,12,1,1.80356,7703,0.0081948,1.0047,1.81204,371,Col,31.1309337615,1,2,46.69575881958008
325000,W+2_RB2in_S12,2,12,2,1.90072,16905,0.00427254,1.00406,1.90844,371,Col,81.5598869325,0,2,98.45013809204102
325000,W+2_RB2out_S12,2,12,2,1.86688,15006,0.00497636,1.00262,1.87177,371,Col,82.21938069633335,0,3,96.0938720703125
325000,W+2_RB3+_S12,2,12,3,1.76707,6987,0.00455235,1.00101,1.76886,371,Col,92.8813552855,0,2,97.89698791503906
325000,W+2_RB3-_S12,2,12,3,0.0,0,0.0,0.0,0.0,371,Col,0.0,1,2,0.0
325000,W+2_RB4+_S12,2,12,4,1.87165,7189,0.00208279,1.00183,1.87507,371,Col,16.666666031,0,2,98.02701950073242
325000,W+2_RB4-_S12,2,12,4,1.71197,4321,0.00792393,1.00079,1.71332,371,Col,52.083332062,0,2,92.123779296875
