run,chamber,wheel,sector,station,avg_cluster_size,occupancy,avg_bx_dist,avg_no_of_clusters,avg_multiplicity,lumisections,type,avg_efficiency
323775,W-2_RB1in_S01,-2,1,1,1.91463,8769,0.00895197,1.00373,1.92176,167,Col,48.881538391
323775,W-2_RB1out_S01,-2,1,1,1.82125,7509,0.011642,1.00146,1.8239,167,Col,54.264425277499996
323775,W-2_RB2in_S01,-2,1,2,2.04364,9554,0.0102674,1.00257,2.0489,167,Col,77.567310333
323775,W-2_RB2out_S01,-2,1,2,1.89915,8229,0.0152319,1.00162,1.90222,167,Col,80.28602091433333
323775,W-2_RB3+_S01,-2,1,3,1.91436,3867,-0.0019802,1.00149,1.9172,167,Col,90.026409149
323775,W-2_RB3-_S01,-2,1,3,1.90192,3859,0.00246427,1.0,1.90192,167,Col,89.7583656315
323775,W-2_RB4+_S01,-2,1,4,1.93769,3794,0.0020429,1.00102,1.93967,167,Col,33.333332062
323775,W-2_RB4-_S01,-2,1,4,0.0,0,0.0,0.0,0.0,167,Col,0.0
323775,W-2_RB1in_S02,-2,2,1,1.96963,10376,0.00360668,1.00381,1.97713,167,Col,51.5593643185
323775,W-2_RB1out_S02,-2,2,1,2.11867,10212,0.00788382,1.00375,2.12661,167,Col,57.0169353485
323775,W-2_RB2in_S02,-2,2,2,1.78274,9133,0.00390396,1.00353,1.78903,167,Col,77.5800971985
323775,W-2_RB2out_S02,-2,2,2,2.24502,10491,0.0128397,1.003,2.25177,167,Col,81.39049530066667
323775,W-2_RB3+_S02,-2,2,3,0.0,0,0.0,0.0,0.0,167,Col,0.0
323775,W-2_RB3-_S02,-2,2,3,1.71274,3643,0.00282087,1.00141,1.71516,167,Col,90.470691681
323775,W-2_RB4+_S02,-2,2,4,1.82523,3906,0.00841121,1.00187,1.82865,167,Col,46.25
323775,W-2_RB4-_S02,-2,2,4,1.67534,3091,0.00867209,1.00272,1.67989,167,Col,40.4761891365
323775,W-2_RB1in_S03,-2,3,1,2.02276,9867,0.00758508,1.00598,2.03485,167,Col,50.3201026915
323775,W-2_RB1out_S03,-2,3,1,2.11278,9442,0.0156635,1.00563,2.12466,167,Col,55.201095581000004
323775,W-2_RB2in_S03,-2,3,2,2.14751,10409,0.00825253,1.00435,2.15686,167,Col,74.411746979
323775,W-2_RB2out_S03,-2,3,2,2.02109,9198,0.0116458,1.00286,2.02688,167,Col,80.07603963233333
323775,W-2_RB3+_S03,-2,3,3,1.66938,3080,0.00596206,1.00109,1.67119,167,Col,80.871986389
323775,W-2_RB3-_S03,-2,3,3,0.0,0,0.0,0.0,0.0,167,Col,0.0
323775,W-2_RB4+_S03,-2,3,4,1.7024,3335,0.00408372,1.00102,1.70414,167,Col,68.9393959045
323775,W-2_RB4-_S03,-2,3,4,1.92363,3753,0.0169144,1.00051,1.92462,167,Col,55.555555343500004
323775,W-2_RB1in_S04,-2,4,1,2.02368,9912,0.014904,1.00348,2.03073,167,Col,50.050243377499996
323775,W-2_RB1out_S04,-2,4,1,2.33165,10595,0.0110035,1.00221,2.33679,167,Col,54.9433727265
323775,W-2_RB2in_S04,-2,4,2,2.00861,9563,0.021214,1.00316,2.01496,167,Col,77.494457245
323775,W-2_RB2out_S04,-2,4,2,1.89891,7833,0.0113939,1.00267,1.90399,167,Col,76.58395131466666
323775,W-2_RB3+_S04,-2,4,3,2.34041,4964,0.00235738,1.00094,2.34261,167,Col,91.406112671
323775,W-2_RB3-_S04,-2,4,3,1.85061,3766,0.0014742,1.00148,1.85335,167,Col,88.8837509155
323775,W-2_RB4++_S04,-2,4,4,1.77143,2294,0.0046332,1.0,1.77143,167,Col,83.04988479650001
323775,W-2_RB4+_S04,-2,4,4,1.6028,2401,0.012016,1.0,1.6028,167,Col,93.5626831055
323775,W-2_RB4--_S04,-2,4,4,1.57095,1871,-0.00167926,1.0,1.57095,167,Col,61.666667938
323775,W-2_RB4-_S04,-2,4,4,0.0,0,0.0,0.0,0.0,167,Col,0.0
323775,W-2_RB1in_S05,-2,5,1,2.12647,10290,0.0103327,1.00311,2.13308,167,Col,49.7730407715
323775,W-2_RB1out_S05,-2,5,1,1.93951,8464,0.00985335,1.00299,1.9453,167,Col,54.588939666499996
323775,W-2_RB2in_S05,-2,5,2,1.91679,8984,0.28419,1.003,1.92253,167,Col,74.55167007450001
323775,W-2_RB2out_S05,-2,5,2,2.03024,9063,0.0170251,1.00292,2.03617,167,Col,79.16369120266667
323775,W-2_RB3+_S05,-2,5,3,1.87493,3403,0.00606061,1.0011,1.877,167,Col,79.531814575
323775,W-2_RB3-_S05,-2,5,3,1.77363,3565,0.0114428,1.001,1.7754,167,Col,81.32439041149999
323775,W-2_RB4+_S05,-2,5,4,0.0,0,0.0,0.0,0.0,167,Col,0.0
323775,W-2_RB4-_S05,-2,5,4,1.042,521,0.538,1.0,1.042,167,Col,8.3333330155
323775,W-2_RB1in_S06,-2,6,1,2.03491,10026,0.0162371,1.00326,2.04154,167,Col,50.6753807065
323775,W-2_RB1out_S06,-2,6,1,2.27541,10253,0.0155348,1.00245,2.28098,167,Col,56.843439102
323775,W-2_RB2in_S06,-2,6,2,2.1644,10493,0.0249587,1.00269,2.17022,167,Col,78.12240219099999
323775,W-2_RB2out_S06,-2,6,2,1.97343,8689,0.0190779,1.00136,1.97612,167,Col,79.95620981833333
323775,W-2_RB3+_S06,-2,6,3,1.71887,3534,0.00583658,1.00097,1.72055,167,Col,90.539981842
323775,W-2_RB3-_S06,-2,6,3,1.70236,3529,0.00868307,1.00097,1.70401,167,Col,90.385204315
323775,W-2_RB4+_S06,-2,6,4,1.8142,3271,0.021076,1.0,1.8142,167,Col,36.1111106875
323775,W-2_RB4-_S06,-2,6,4,1.68061,3215,0.00679561,1.00157,1.68325,167,Col,33.333332062
323775,W-2_RB1in_S07,-2,7,1,2.0862,9826,0.0125265,1.00405,2.09465,167,Col,50.111404418999996
323775,W-2_RB1out_S07,-2,7,1,1.90273,8216,0.0138953,1.00442,1.91114,167,Col,55.538768768500006
323775,W-2_RB2in_S07,-2,7,2,1.98996,8324,0.00669376,1.00312,1.99616,167,Col,71.349380493
323775,W-2_RB2out_S07,-2,7,2,1.78937,7476,0.0114888,1.00192,1.79281,167,Col,79.00774383533333
323775,W-2_RB3+_S07,-2,7,3,2.25271,4368,0.00567303,1.00155,2.2562,167,Col,90.352329254
323775,W-2_RB3-_S07,-2,7,3,2.07375,4330,0.0138889,1.00096,2.07574,167,Col,89.78528976449999
323775,W-2_RB4+_S07,-2,7,4,1.83442,3379,0.0228013,1.0,1.83442,167,Col,72.2222213745
323775,W-2_RB4-_S07,-2,7,4,0.0,0,0.0,0.0,0.0,167,Col,0.0
323775,W-2_RB1in_S08,-2,8,1,1.92249,9078,0.010377,1.00297,1.92821,167,Col,46.3970565795
323775,W-2_RB1out_S08,-2,8,1,1.4724,5548,0.00610403,1.00239,1.47592,167,Col,46.158367157
323775,W-2_RB2in_S08,-2,8,2,2.11368,10152,0.0214449,1.00397,2.12207,167,Col,75.846740723
323775,W-2_RB2out_S08,-2,8,2,1.96203,8682,0.00632768,1.00158,1.96514,167,Col,79.19599914533335
323775,W-2_RB3+_S08,-2,8,3,1.65525,3529,0.010788,1.00094,1.65681,167,Col,91.78707504249999
323775,W-2_RB3-_S08,-2,8,3,2.10128,4440,-0.000946522,1.00095,2.10327,167,Col,92.37951278700001
323775,W-2_RB4+_S08,-2,8,4,0.0,0,0.0,0.0,0.0,167,Col,0.0
323775,W-2_RB4-_S08,-2,8,4,1.37128,2578,0.00212766,1.00106,1.37274,167,Col,59.722221374499995
323775,W-2_RB1in_S09,-2,9,1,1.92832,8932,0.00712435,1.00281,1.93375,167,Col,50.297475814500004
323775,W-2_RB1out_S09,-2,9,1,1.92837,8265,0.00676622,1.00281,1.93379,167,Col,56.112516403499995
323775,W-2_RB2in_S09,-2,9,2,2.1051,10075,0.0121187,1.00335,2.11216,167,Col,78.037010193
323775,W-2_RB2out_S09,-2,9,2,1.69614,7424,0.00936715,1.00367,1.70236,167,Col,78.57305145266666
323775,W-2_RB3+_S09,-2,9,3,1.82791,3537,0.0,1.00052,1.82885,167,Col,85.5918922425
323775,W-2_RB3-_S09,-2,9,3,1.87294,4098,0.00182815,1.00183,1.87637,167,Col,90.9289436345
323775,W-2_RB4_S09,-2,9,4,1.77442,3760,-0.00188768,1.00094,1.7761,167,Col,45.833333969
323775,W-2_RB1in_S10,-2,10,1,2.38578,11373,0.0115377,1.00337,2.39381,167,Col,51.267303466499996
323775,W-2_RB1out_S10,-2,10,1,1.88109,8258,0.0102506,1.00366,1.88797,167,Col,54.3472099305
323775,W-2_RB2in_S10,-2,10,2,2.0387,10063,0.00790113,1.00448,2.04782,167,Col,78.3002967835
323775,W-2_RB2out_S10,-2,10,2,2.04758,9081,0.00766629,1.00271,2.05313,167,Col,80.22083282466666
323775,W-2_RB3+_S10,-2,10,3,1.64407,3492,0.00141243,1.00047,1.64484,167,Col,90.13154983550001
323775,W-2_RB3-_S10,-2,10,3,1.83239,3564,-0.00257069,1.00051,1.83333,167,Col,83.79257583649999
323775,W-2_RB4+_S10,-2,10,4,1.81209,4706,0.00885637,1.00116,1.81419,167,Col,94.559146881
323775,W-2_RB4-_S10,-2,10,4,1.8958,4603,0.00617792,1.00206,1.89971,167,Col,92.0686950685
323775,W-2_RB1in_S11,-2,11,1,2.15388,9378,0.00367478,1.00323,2.16083,167,Col,45.839723587
323775,W-2_RB1out_S11,-2,11,1,2.0633,9159,0.0137418,1.00339,2.0703,167,Col,53.756353378499995
323775,W-2_RB2in_S11,-2,11,2,2.14183,10707,0.0080016,1.00261,2.14741,167,Col,76.916446686
323775,W-2_RB2out_S11,-2,11,2,1.93241,8891,0.00630298,1.00174,1.93577,167,Col,80.23113250733333
323775,W-2_RB3+_S11,-2,11,3,1.92958,4083,0.00519849,1.0,1.92958,167,Col,90.56103897099999
323775,W-2_RB3-_S11,-2,11,3,1.9571,4288,0.0351438,1.00183,1.96068,167,Col,91.22227477999999
323775,W-2_RB4_S11,-2,11,4,1.72916,3754,0.0115154,1.0,1.72916,167,Col,57.0
323775,W-2_RB1in_S12,-2,12,1,2.12214,10286,0.0119662,1.00435,2.13137,167,Col,50.1545295715
323775,W-2_RB1out_S12,-2,12,1,1.96784,8751,0.0103441,1.00474,1.97718,167,Col,55.512910843
323775,W-2_RB2in_S12,-2,12,2,2.12596,9941,0.0111206,1.00408,2.13464,167,Col,75.25199508649999
323775,W-2_RB2out_S12,-2,12,2,1.89625,8188,0.00903196,1.00255,1.90109,167,Col,79.07877858466667
323775,W-2_RB3+_S12,-2,12,3,0.0,0,0.0,0.0,0.0,167,Col,0.0
323775,W-2_RB3-_S12,-2,12,3,2.72017,5745,0.00426136,1.00047,2.72146,167,Col,92.7535858155
323775,W-2_RB4+_S12,-2,12,4,1.75852,3561,0.00790123,1.00049,1.75939,167,Col,71.428571701
323775,W-2_RB4-_S12,-2,12,4,1.67543,2550,0.0065703,1.00066,1.67653,167,Col,50.0
323775,W-1_RB1in_S01,-1,1,1,2.07692,15309,0.00936101,1.00614,2.08968,167,Col,82.766075134
323775,W-1_RB1out_S01,-1,1,1,2.09436,13961,0.0111011,1.00437,2.10351,167,Col,83.691616058
323775,W-1_RB2in_S01,-1,1,2,1.90252,12549,0.00530625,1.00319,1.90859,167,Col,87.652694702
323775,W-1_RB2out_S01,-1,1,2,1.99262,11617,0.00823328,1.0031,1.9988,167,Col,87.0912857055
323775,W-1_RB3+_S01,-1,1,3,0.0,0,0.0,0.0,0.0,167,Col,0.0
323775,W-1_RB3-_S01,-1,1,3,0.0,0,0.0,0.0,0.0,167,Col,0.0
323775,W-1_RB4+_S01,-1,1,4,2.12969,5682,0.00637181,1.00037,2.13048,167,Col,95.0
323775,W-1_RB4-_S01,-1,1,4,0.0,0,0.0,0.0,0.0,167,Col,0.0
323775,W-1_RB1in_S02,-1,2,1,2.18849,16766,0.00887613,1.0067,2.20315,167,Col,81.684425354
323775,W-1_RB1out_S02,-1,2,1,2.38686,16171,0.00738007,1.00654,2.40247,167,Col,81.050189972
323775,W-1_RB2in_S02,-1,2,2,2.18961,15093,0.0121863,1.00481,2.20015,167,Col,88.87836964900002
323775,W-1_RB2out_S02,-1,2,2,1.78281,10663,0.00802541,1.00589,1.79331,167,Col,87.618587494
323775,W-1_RB3+_S02,-1,2,3,1.76767,5052,0.00979706,1.0014,1.77015,167,Col,93.4295349125
323775,W-1_RB3-_S02,-1,2,3,1.78122,4836,0.00847145,1.00185,1.7845,167,Col,91.5513801575
323775,W-1_RB4+_S02,-1,2,4,0.0,0,0.0,0.0,0.0,167,Col,0.0
323775,W-1_RB4-_S02,-1,2,4,0.0,0,0.0,0.0,0.0,167,Col,0.0
323775,W-1_RB1in_S03,-1,3,1,2.2233,13073,0.00646259,1.0065,2.23776,167,Col,79.817440033
323775,W-1_RB1out_S03,-1,3,1,2.30155,12189,0.00415408,1.00551,2.31422,167,Col,82.0806427
323775,W-1_RB2in_S03,-1,3,2,1.77684,9268,0.00671012,1.00346,1.78299,167,Col,85.61455281533334
323775,W-1_RB2out_S03,-1,3,2,1.69432,7965,0.0104233,1.00342,1.70011,167,Col,86.013912201
323775,W-1_RB3+_S03,-1,3,3,1.68239,3639,0.00970874,1.00093,1.68394,167,Col,92.45946121200001
323775,W-1_RB3-_S03,-1,3,3,1.71851,3956,0.000434405,1.00043,1.71925,167,Col,92.532527924
323775,W-1_RB4+_S03,-1,3,4,1.64376,2990,0.00549753,1.00055,1.64466,167,Col,82.0777435305
323775,W-1_RB4-_S03,-1,3,4,1.53691,2977,0.00619515,1.00155,1.5393,167,Col,100.0
323775,W-1_RB1in_S04,-1,4,1,2.36033,17339,0.0117071,1.0052,2.37261,167,Col,80.8589782715
323775,W-1_RB1out_S04,-1,4,1,1.77748,5368,0.0115894,1.00499,1.78636,167,Col,38.518432617
323775,W-1_RB2in_S04,-1,4,2,1.7036,10271,0.0218942,1.00316,1.70899,167,Col,80.09360249833334
323775,W-1_RB2out_S04,-1,4,2,0.0,0,0.0,0.0,0.0,167,Col,0.0
323775,W-1_RB3+_S04,-1,4,3,1.89178,5157,0.0245781,1.00037,1.89248,167,Col,91.470695496
323775,W-1_RB3-_S04,-1,4,3,1.68504,4403,0.00420972,1.00192,1.68827,167,Col,91.76893615750001
323775,W-1_RB4++_S04,-1,4,4,0.0,0,0.0,0.0,0.0,167,Col,0.0
323775,W-1_RB4+_S04,-1,4,4,0.0,0,0.0,0.0,0.0,167,Col,0.0
323775,W-1_RB4--_S04,-1,4,4,1.67114,2241,0.00149142,1.0,1.67114,167,Col,92.7750701905
323775,W-1_RB4-_S04,-1,4,4,1.52897,2824,0.00270709,1.00163,1.53145,167,Col,94.984260559
323775,W-1_RB1in_S05,-1,5,1,2.01047,14405,0.00474529,1.00533,2.02119,167,Col,80.2256698605
323775,W-1_RB1out_S05,-1,5,1,2.21352,14669,0.00316885,1.00455,2.22359,167,Col,82.2445106505
323775,W-1_RB2in_S05,-1,5,2,1.80968,12114,0.0011951,1.0039,1.81674,167,Col,87.22847239166667
323775,W-1_RB2out_S05,-1,5,2,1.89761,11490,0.00132122,1.00415,1.90547,167,Col,89.067531586
323775,W-1_RB3+_S05,-1,5,3,2.27972,5811,0.0133386,1.00079,2.28151,167,Col,92.623649597
323775,W-1_RB3-_S05,-1,5,3,1.76997,4986,0.0110046,1.00142,1.77248,167,Col,92.5441436765
323775,W-1_RB4+_S05,-1,5,4,0.0,0,0.0,0.0,0.0,167,Col,0.0
323775,W-1_RB4-_S05,-1,5,4,0.0,0,0.0,0.0,0.0,167,Col,0.0
323775,W-1_RB1in_S06,-1,6,1,2.10429,15496,0.0115426,1.00629,2.11752,167,Col,81.142379761
323775,W-1_RB1out_S06,-1,6,1,2.0462,13155,0.0108882,1.00547,2.0574,167,Col,80.91737365750001
323775,W-1_RB2in_S06,-1,6,2,2.21277,13551,0.0111039,1.00575,2.22549,167,Col,85.05407969133334
323775,W-1_RB2out_S06,-1,6,2,1.86114,10642,0.00524659,1.0051,1.87063,167,Col,88.2474975585
323775,W-1_RB3+_S06,-1,6,3,1.46858,3576,0.00862423,1.00123,1.47039,167,Col,84.84249496449999
323775,W-1_RB3-_S06,-1,6,3,1.66034,4375,0.00189753,1.00038,1.66097,167,Col,89.332801819
323775,W-1_RB4+_S06,-1,6,4,1.66403,3789,0.0324989,1.00088,1.66549,167,Col,74.615383148
323775,W-1_RB4-_S06,-1,6,4,1.80453,3268,0.018222,1.00055,1.80552,167,Col,50.0
323775,W-1_RB1in_S07,-1,7,1,2.0473,14544,0.013795,1.00524,2.05802,167,Col,82.281692505
323775,W-1_RB1out_S07,-1,7,1,1.98215,12329,0.011254,1.0042,1.99047,167,Col,82.48735809300001
323775,W-1_RB2in_S07,-1,7,2,1.57563,8458,0.00763785,1.00243,1.57946,167,Col,75.02101135266668
323775,W-1_RB2out_S07,-1,7,2,0.0,0,0.0,0.0,0.0,167,Col,0.0
323775,W-1_RB3+_S07,-1,7,3,1.82655,4665,0.00352388,1.00118,1.82869,167,Col,91.41230392450001
323775,W-1_RB3-_S07,-1,7,3,1.81815,4729,0.0103806,1.00115,1.82025,167,Col,92.999141693
323775,W-1_RB4+_S07,-1,7,4,0.0,0,0.0,0.0,0.0,167,Col,0.0
323775,W-1_RB4-_S07,-1,7,4,0.0,0,0.0,0.0,0.0,167,Col,0.0
323775,W-1_RB1in_S08,-1,8,1,2.07356,14714,0.0107103,1.00496,2.08384,167,Col,79.3085403445
323775,W-1_RB1out_S08,-1,8,1,2.03755,12861,0.00348542,1.0043,2.0463,167,Col,79.5777015685
323775,W-1_RB2in_S08,-1,8,2,1.95521,12660,0.00540541,1.00465,1.96431,167,Col,87.084833781
323775,W-1_RB2out_S08,-1,8,2,2.04148,11369,0.00951697,1.00523,2.05217,167,Col,85.7846565245
323775,W-1_RB3+_S08,-1,8,3,1.71818,4414,0.0,1.00078,1.71952,167,Col,86.7952041625
323775,W-1_RB3-_S08,-1,8,3,1.78994,4661,0.0115207,1.00077,1.79131,167,Col,91.540298462
323775,W-1_RB4+_S08,-1,8,4,0.0,0,0.0,0.0,0.0,167,Col,0.0
323775,W-1_RB4-_S08,-1,8,4,0.0,0,0.0,0.0,0.0,167,Col,0.0
323775,W-1_RB1in_S09,-1,9,1,2.12678,15366,0.220069,1.00515,2.13773,167,Col,79.76424408
323775,W-1_RB1out_S09,-1,9,1,2.26024,14513,0.247936,1.0058,2.27334,167,Col,81.4196891785
323775,W-1_RB2in_S09,-1,9,2,1.88396,12144,0.00915296,1.00374,1.891,167,Col,86.45616149900002
323775,W-1_RB2out_S09,-1,9,2,1.73833,9978,0.0109756,1.0028,1.74319,167,Col,86.99848938
323775,W-1_RB3+_S09,-1,9,3,1.72606,4398,0.00706436,1.00118,1.72809,167,Col,90.057132721
323775,W-1_RB3-_S09,-1,9,3,1.66928,4265,0.0074364,1.0,1.66928,167,Col,87.30374145549999
323775,W-1_RB4_S09,-1,9,4,1.85039,4935,0.0056243,1.00075,1.85178,167,Col,92.690525055
323775,W-1_RB1in_S10,-1,10,1,2.25493,16691,0.0126993,1.00502,2.26626,167,Col,81.5326576235
323775,W-1_RB1out_S10,-1,10,1,2.02571,13554,0.00941563,1.00556,2.03697,167,Col,83.01953506449999
323775,W-1_RB2in_S10,-1,10,2,1.82811,11954,0.00795229,1.0043,1.83597,167,Col,87.33060709633332
323775,W-1_RB2out_S10,-1,10,2,2.12136,12323,0.0106731,1.00363,2.12906,167,Col,88.9203186035
323775,W-1_RB3+_S10,-1,10,3,2.01367,5451,0.0155153,1.00074,2.01516,167,Col,45.1209335325
323775,W-1_RB3-_S10,-1,10,3,1.74652,4637,0.0116761,1.00075,1.74783,167,Col,44.683544159
323775,W-1_RB4+_S10,-1,10,4,1.95052,6031,0.0100259,1.00194,1.95431,167,Col,92.1278762815
323775,W-1_RB4-_S10,-1,10,4,1.70361,4949,0.00757315,1.00345,1.7095,167,Col,90.8839874265
323775,W-1_RB1in_S11,-1,11,1,2.17267,16345,0.00810847,1.00467,2.18283,167,Col,81.955554962
323775,W-1_RB1out_S11,-1,11,1,2.06482,14016,0.0164997,1.00518,2.07552,167,Col,83.45359802249999
323775,W-1_RB2in_S11,-1,11,2,1.92459,12404,0.0060512,1.00374,1.93179,167,Col,83.79571533166666
323775,W-1_RB2out_S11,-1,11,2,1.93223,11605,0.00749251,1.00452,1.94096,167,Col,89.333633423
323775,W-1_RB3+_S11,-1,11,3,1.71189,3470,0.0202269,1.00099,1.71358,167,Col,65.238615036
323775,W-1_RB3-_S11,-1,11,3,0.0,0,0.0,0.0,0.0,167,Col,0.0
323775,W-1_RB4_S11,-1,11,4,1.83023,4819,0.00949487,1.00267,1.83511,167,Col,90.135345459
323775,W-1_RB1in_S12,-1,12,1,2.06819,14527,0.0106777,1.00458,2.07766,167,Col,81.145065308
323775,W-1_RB1out_S12,-1,12,1,2.00948,12507,0.0109254,1.00501,2.01954,167,Col,79.8839035035
323775,W-1_RB2in_S12,-1,12,2,2.04011,13326,0.0114819,1.00384,2.04795,167,Col,88.69663747166668
323775,W-1_RB2out_S12,-1,12,2,1.55618,7798,0.00778288,1.0028,1.56054,167,Col,75.161102295
323775,W-1_RB3+_S12,-1,12,3,0.0,0,0.0,0.0,0.0,167,Col,0.0
323775,W-1_RB3-_S12,-1,12,3,1.7515,4680,0.011976,1.00075,1.75281,167,Col,92.0041885375
323775,W-1_RB4+_S12,-1,12,4,1.41172,3374,0.0121339,1.00126,1.41349,167,Col,84.615383148
323775,W-1_RB4-_S12,-1,12,4,1.58578,2810,0.00451467,1.00113,1.58757,167,Col,91.118419647
323775,W+0_RB1in_S01,0,1,1,2.18779,18163,0.00855216,1.00606,2.20104,167,Col,83.0340042115
323775,W+0_RB1out_S01,0,1,1,2.00666,15365,0.00718297,1.00552,2.01773,167,Col,86.0114364625
323775,W+0_RB2in_S01,0,1,2,2.02893,15006,0.00757166,1.00421,2.03747,167,Col,89.89425659166666
323775,W+0_RB2out_S01,0,1,2,1.9417,11357,0.0104291,1.00291,1.94736,167,Col,78.175468445
323775,W+0_RB3+_S01,0,1,3,1.97368,5925,0.00433045,1.00167,1.97698,167,Col,93.336261749
323775,W+0_RB3-_S01,0,1,3,1.7438,5275,0.00760331,1.00132,1.74611,167,Col,93.30970764150001
323775,W+0_RB4+_S01,0,1,4,0.0,0,0.0,0.0,0.0,167,Col,0.0
323775,W+0_RB4-_S01,0,1,4,0.0,0,0.0,0.0,0.0,167,Col,0.0
323775,W+0_RB1in_S02,0,2,1,2.0891,17632,0.00616114,1.00428,2.09805,167,Col,79.482131958
323775,W+0_RB1out_S02,0,2,1,2.35802,19199,0.00515844,1.0032,2.36557,167,Col,86.72669601449999
323775,W+0_RB2in_S02,0,2,2,1.93037,14943,0.0124015,1.00428,1.93864,167,Col,82.951210022
323775,W+0_RB2out_S02,0,2,2,1.95856,13612,0.00834532,1.00303,1.9645,167,Col,89.13230133100001
323775,W+0_RB3+_S02,0,2,3,2.12229,6942,0.00703149,1.00092,2.12424,167,Col,92.34388351449999
323775,W+0_RB3-_S02,0,2,3,1.7596,5087,0.00657212,1.0,1.7596,167,Col,86.21389007549999
323775,W+0_RB4+_S02,0,2,4,1.95688,5491,0.0067712,1.00107,1.95897,167,Col,83.875930786
323775,W+0_RB4-_S02,0,2,4,1.77132,4508,0.0086444,1.00197,1.7748,167,Col,91.3491859435
323775,W+0_RB1in_S03,0,3,1,2.11782,16483,0.00526789,1.00543,2.12931,167,Col,84.8354911805
323775,W+0_RB1out_S03,0,3,1,2.1732,15847,0.00397696,1.00565,2.18549,167,Col,86.400794983
323775,W+0_RB2in_S03,0,3,2,2.87063,20436,0.0112375,1.00537,2.88603,167,Col,85.82865651466666
323775,W+0_RB2out_S03,0,3,2,1.98894,12950,0.00399324,1.00416,1.99722,167,Col,85.88019180250001
323775,W+0_RB3+_S03,0,3,3,1.93855,5678,0.000341413,1.00068,1.93987,167,Col,93.3325500485
323775,W+0_RB3-_S03,0,3,3,1.91687,4773,0.0120482,1.0008,1.91841,167,Col,72.40646362300001
323775,W+0_RB4+_S03,0,3,4,1.71914,4903,0.00911641,1.00105,1.72095,167,Col,93.86260986350001
323775,W+0_RB4-_S03,0,3,4,1.76273,4985,0.00848656,1.00177,1.76585,167,Col,95.0378685
323775,W+0_RB1in_S04,0,4,1,2.01314,15785,0.00828976,1.005,2.0232,167,Col,85.16875076299999
323775,W+0_RB1out_S04,0,4,1,2.05997,14667,0.011236,1.00423,2.06869,167,Col,84.462490082
323775,W+0_RB2in_S04,0,4,2,1.92899,13719,0.0104049,1.0031,1.93498,167,Col,89.48423767066667
323775,W+0_RB2out_S04,0,4,2,1.96092,12595,0.00747314,1.00218,1.96521,167,Col,88.0723609925
323775,W+0_RB3+_S04,0,4,3,0.0,0,0.0,0.0,0.0,167,Col,0.0
323775,W+0_RB3-_S04,0,4,3,1.69012,4925,0.00274537,1.00069,1.69128,167,Col,90.730503082
323775,W+0_RB4++_S04,0,4,4,1.73429,3035,0.00628571,1.00114,1.73627,167,Col,93.050670624
323775,W+0_RB4+_S04,0,4,4,1.8435,4170,0.0141468,1.00088,1.84513,167,Col,94.33122634899999
323775,W+0_RB4--_S04,0,4,4,1.62392,2621,0.00123916,1.00062,1.62492,167,Col,94.4848251345
323775,W+0_RB4-_S04,0,4,4,1.57934,3394,0.00465333,1.00093,1.58081,167,Col,93.938194275
323775,W+0_RB1in_S05,0,5,1,2.10919,17095,0.0070327,1.00521,2.12018,167,Col,85.1872291565
323775,W+0_RB1out_S05,0,5,1,2.17275,15822,0.00920077,1.00552,2.18476,167,Col,85.8862228395
323775,W+0_RB2in_S05,0,5,2,1.50621,8007,0.00921746,1.0034,1.51133,167,Col,64.43689219166667
323775,W+0_RB2out_S05,0,5,2,1.79319,11012,0.00683928,1.00376,1.79993,167,Col,83.7016487125
323775,W+0_RB3+_S05,0,5,3,1.69924,4678,0.00472212,1.00146,1.70171,167,Col,90.3265571595
323775,W+0_RB3-_S05,0,5,3,1.86089,5672,0.0062336,1.00131,1.86334,167,Col,93.79164886449999
323775,W+0_RB4+_S05,0,5,4,1.52147,3685,-0.00123865,1.00207,1.52462,167,Col,94.235290527
323775,W+0_RB4-_S05,0,5,4,1.57272,4174,0.00715901,1.00113,1.5745,167,Col,92.5017662045
323775,W+0_RB1in_S06,0,6,1,2.28439,18419,0.00892968,1.00398,2.29349,167,Col,85.2309494015
323775,W+0_RB1out_S06,0,6,1,2.18273,16030,0.00816993,1.00355,2.19049,167,Col,86.6027450565
323775,W+0_RB2in_S06,0,6,2,2.24376,16274,0.0144768,1.00457,2.25402,167,Col,90.42592112233332
323775,W+0_RB2out_S06,0,6,2,2.03494,12989,0.00438665,1.00377,2.04262,167,Col,88.676750183
323775,W+0_RB3+_S06,0,6,3,1.88508,5331,0.00282885,1.00106,1.88708,167,Col,93.208152771
323775,W+0_RB3-_S06,0,6,3,1.78679,5355,0.00600601,1.00033,1.78738,167,Col,92.402774811
323775,W+0_RB4+_S06,0,6,4,1.63978,3883,0.00633446,1.00042,1.64047,167,Col,94.60309982300001
323775,W+0_RB4-_S06,0,6,4,1.67746,4816,0.00557297,1.0014,1.6798,167,Col,94.71421051
323775,W+0_RB1in_S07,0,7,1,2.12317,16652,0.0197628,1.00667,2.13734,167,Col,86.0096931455
323775,W+0_RB1out_S07,0,7,1,2.2871,15303,0.00687491,1.00435,2.29706,167,Col,83.976951599
323775,W+0_RB2in_S07,0,7,2,2.24159,15328,0.00584966,1.00426,2.25114,167,Col,89.62080891933333
323775,W+0_RB2out_S07,0,7,2,2.13515,12702,0.00907716,1.00303,2.14163,167,Col,86.66214370750001
323775,W+0_RB3+_S07,0,7,3,2.28744,6231,0.00477239,1.00147,2.29081,167,Col,92.3999099735
323775,W+0_RB3-_S07,0,7,3,1.95962,5581,0.00140449,1.00176,1.96307,167,Col,91.6384887695
323775,W+0_RB4+_S07,0,7,4,0.0,0,0.0,0.0,0.0,167,Col,0.0
323775,W+0_RB4-_S07,0,7,4,0.0,0,0.0,0.0,0.0,167,Col,0.0
323775,W+0_RB1in_S08,0,8,1,1.93939,15934,0.00827653,1.00465,1.9484,167,Col,83.05062484749999
323775,W+0_RB1out_S08,0,8,1,2.18763,16556,0.00885307,1.00371,2.19576,167,Col,86.06092453
323775,W+0_RB2in_S08,0,8,2,2.34643,16845,0.0204764,1.00448,2.35693,167,Col,89.54418691000001
323775,W+0_RB2out_S08,0,8,2,2.06681,13178,0.010665,1.00441,2.07593,167,Col,88.2458724975
323775,W+0_RB3+_S08,0,8,3,2.09561,5962,0.00808436,1.0007,2.09708,167,Col,87.0769462585
323775,W+0_RB3-_S08,0,8,3,1.82482,5396,0.01116,1.00135,1.82729,167,Col,92.38074874899999
323775,W+0_RB4+_S08,0,8,4,1.74087,3386,0.00771208,1.00103,1.74267,167,Col,97.0768814085
323775,W+0_RB4-_S08,0,8,4,2.05176,5827,0.0105634,1.0007,2.05321,167,Col,95.408344269
323775,W+0_RB1in_S09,0,9,1,2.11646,16665,0.00685801,1.00626,2.12971,167,Col,83.67588806149999
323775,W+0_RB1out_S09,0,9,1,2.16779,15129,0.0265081,1.00475,2.17809,167,Col,82.8824729915
323775,W+0_RB2in_S09,0,9,2,2.05602,15011,0.0182167,1.00385,2.06394,167,Col,89.45562235533333
323775,W+0_RB2out_S09,0,9,2,1.93536,12336,0.00784437,1.00394,1.94298,167,Col,87.46897125250001
323775,W+0_RB3+_S09,0,9,3,1.98744,5537,0.00789663,1.00144,1.99029,167,Col,93.41799163799999
323775,W+0_RB3-_S09,0,9,3,2.4015,7351,0.0209082,1.00131,2.40465,167,Col,93.7314453125
323775,W+0_RB4_S09,0,9,4,1.8827,5377,0.0136555,1.00281,1.88799,167,Col,93.6634788515
323775,W+0_RB1in_S10,0,10,1,2.07841,17176,0.00387222,1.00609,2.09106,167,Col,86.2760543825
323775,W+0_RB1out_S10,0,10,1,2.03804,15053,0.0121852,1.00517,2.04858,167,Col,86.1760864255
323775,W+0_RB2in_S10,0,10,2,1.96054,13763,0.00527066,1.00415,1.96867,167,Col,87.19393920866668
323775,W+0_RB2out_S10,0,10,2,2.03955,12686,0.00675241,1.00355,2.04679,167,Col,86.621723175
323775,W+0_RB3+_S10,0,10,3,1.99541,5647,0.00212014,1.00142,1.99823,167,Col,92.59014129650001
323775,W+0_RB3-_S10,0,10,3,1.96887,5123,0.00422752,1.00154,1.9719,167,Col,83.25162124650001
323775,W+0_RB4+_S10,0,10,4,1.80346,5634,0.00704225,1.00225,1.80751,167,Col,90.26417541500001
323775,W+0_RB4-_S10,0,10,4,1.67721,5570,0.0042156,1.00211,1.68075,167,Col,94.19225311299999
323775,W+0_RB1in_S11,0,11,1,2.24342,17741,0.00796662,1.00611,2.25712,167,Col,84.02266311650001
323775,W+0_RB1out_S11,0,11,1,2.12763,15253,0.00822988,1.0042,2.13657,167,Col,85.91242218
323775,W+0_RB2in_S11,0,11,2,2.01318,14203,0.0170092,1.00441,2.02207,167,Col,88.11215718599999
323775,W+0_RB2out_S11,0,11,2,1.93603,12046,0.0247509,1.00371,1.94322,167,Col,87.553123474
323775,W+0_RB3+_S11,0,11,3,1.79414,5142,0.00697837,1.00035,1.79476,167,Col,93.17893218949999
323775,W+0_RB3-_S11,0,11,3,1.87244,4389,0.00511945,1.00043,1.87324,167,Col,76.8862800595
323775,W+0_RB4_S11,0,11,4,1.76127,4729,0.00521415,1.00112,1.76324,167,Col,92.423110962
323775,W+0_RB1in_S12,0,12,1,2.0877,17044,0.0066144,1.00505,2.09824,167,Col,85.2454833985
323775,W+0_RB1out_S12,0,12,1,1.98694,14608,0.00952122,1.0052,1.99727,167,Col,85.396232605
323775,W+0_RB2in_S12,0,12,2,2.03134,14193,0.0087305,1.00503,2.04157,167,Col,88.93905131033334
323775,W+0_RB2out_S12,0,12,2,2.00221,12674,0.00900474,1.0046,2.01143,167,Col,88.80945968649999
323775,W+0_RB3+_S12,0,12,3,1.93298,5768,0.00268097,1.00067,1.93427,167,Col,93.7630996705
323775,W+0_RB3-_S12,0,12,3,2.0932,5817,0.00683699,1.00108,2.09546,167,Col,92.5667419435
323775,W+0_RB4+_S12,0,12,4,2.01812,5679,0.00497512,1.00214,2.02244,167,Col,96.0008888245
323775,W+0_RB4-_S12,0,12,4,1.87589,3431,0.00984144,1.00109,1.87794,167,Col,91.0764923095
323775,W+1_RB1in_S01,1,1,1,1.92233,14404,0.00266916,1.00712,1.93602,167,Col,83.725212097
323775,W+1_RB1out_S01,1,1,1,2.05502,12924,0.00190809,1.0056,2.06652,167,Col,80.3072433475
323775,W+1_RB2in_S01,1,1,2,1.70935,10251,0.00516925,1.00452,1.71709,167,Col,75.70098114033333
323775,W+1_RB2out_S01,1,1,2,1.90507,11720,0.00146294,1.00556,1.91566,167,Col,89.304447174
323775,W+1_RB3+_S01,1,1,3,1.94285,5269,0.00405605,1.00148,1.94572,167,Col,93.7262191775
323775,W+1_RB3-_S01,1,1,3,2.03482,5903,0.00517063,1.00069,2.03622,167,Col,90.674499512
323775,W+1_RB4+_S01,1,1,4,1.87737,5144,0.00109489,1.00183,1.8808,167,Col,53.571428299000004
323775,W+1_RB4-_S01,1,1,4,1.79317,3988,0.00269784,1.00135,1.79559,167,Col,90.0
323775,W+1_RB1in_S02,1,2,1,2.32862,20769,0.00358785,1.00746,2.34598,167,Col,83.48168182399999
323775,W+1_RB1out_S02,1,2,1,2.15547,17427,0.004329,1.00572,2.16781,167,Col,83.64837265
323775,W+1_RB2in_S02,1,2,2,1.94782,14932,0.00221758,1.00367,1.95496,167,Col,88.125635783
323775,W+1_RB2out_S02,1,2,2,2.16556,14728,0.00470519,1.00399,2.1742,167,Col,88.715171814
323775,W+1_RB3+_S02,1,2,3,1.8912,5997,0.00819931,1.00158,1.89419,167,Col,88.31722641
323775,W+1_RB3-_S02,1,2,3,1.80025,5732,0.0053392,1.00063,1.80138,167,Col,93.341041565
323775,W+1_RB4+_S02,1,2,4,1.7564,5761,0.00609756,1.00183,1.75962,167,Col,86.190475464
323775,W+1_RB4-_S02,1,2,4,1.72385,4120,0.00669456,1.00084,1.72529,167,Col,87.0
323775,W+1_RB1in_S03,1,3,1,2.07122,15238,0.0097866,1.00547,2.08255,167,Col,81.8937072755
323775,W+1_RB1out_S03,1,3,1,1.50882,8899,0.00271278,1.00426,1.51524,167,Col,71.797039032
323775,W+1_RB2in_S03,1,3,2,2.27459,15656,0.00537556,1.00394,2.28355,167,Col,87.56642150866668
323775,W+1_RB2out_S03,1,3,2,1.88524,11434,0.00478153,1.00364,1.89211,167,Col,86.1761550905
323775,W+1_RB3+_S03,1,3,3,1.86119,4867,0.00382409,1.00077,1.86261,167,Col,93.71465683
323775,W+1_RB3-_S03,1,3,3,1.89226,5620,0.0037037,1.00101,1.89417,167,Col,91.82305145250001
323775,W+1_RB4+_S03,1,3,4,1.69385,4465,0.0030349,1.00152,1.69643,167,Col,83.33575058
323775,W+1_RB4-_S03,1,3,4,1.77101,4679,-0.00416351,1.00076,1.77235,167,Col,80.952381134
323775,W+1_RB1in_S04,1,4,1,1.97803,11793,0.0100637,1.00506,1.98803,167,Col,81.3337669375
323775,W+1_RB1out_S04,1,4,1,1.97717,10394,0.00913068,1.00535,1.98776,167,Col,81.59886932399999
323775,W+1_RB2in_S04,1,4,2,2.0299,8826,0.0119595,1.003,2.03599,167,Col,71.50377527866665
323775,W+1_RB2out_S04,1,4,2,1.65579,7562,0.00722575,1.00352,1.66161,167,Col,85.29277420049999
323775,W+1_RB3+_S04,1,4,3,1.58333,3268,0.00775194,1.0,1.58333,167,Col,91.24415588400001
323775,W+1_RB3-_S04,1,4,3,1.66031,3480,0.0028626,1.00096,1.66189,167,Col,89.433597565
323775,W+1_RB4++_S04,1,4,4,0.0,0,0.0,0.0,0.0,167,Col,0.0
323775,W+1_RB4+_S04,1,4,4,0.0,0,0.0,0.0,0.0,167,Col,0.0
323775,W+1_RB4--_S04,1,4,4,0.0,0,0.0,0.0,0.0,167,Col,0.0
323775,W+1_RB4-_S04,1,4,4,0.0,0,0.0,0.0,0.0,167,Col,0.0
323775,W+1_RB1in_S05,1,5,1,2.0494,13940,0.00779183,1.00711,2.06396,167,Col,77.8682174685
323775,W+1_RB1out_S05,1,5,1,2.176,13402,0.010716,1.00604,2.18915,167,Col,78.44904708850001
323775,W+1_RB2in_S05,1,5,2,2.0637,13282,0.0217526,1.00406,2.07207,167,Col,88.62066650366665
323775,W+1_RB2out_S05,1,5,2,1.835,10098,0.00872251,1.00328,1.84102,167,Col,86.5960884095
323775,W+1_RB3+_S05,1,5,3,1.87559,4779,0.00470958,1.00039,1.87633,167,Col,93.5919151305
323775,W+1_RB3-_S05,1,5,3,1.77358,4457,0.00596896,1.0008,1.77499,167,Col,89.1492576595
323775,W+1_RB4+_S05,1,5,4,1.83218,3963,0.0180305,1.00139,1.83472,167,Col,73.80952072150001
323775,W+1_RB4-_S05,1,5,4,1.78199,4373,0.00285249,1.00286,1.78709,167,Col,92.80871963499999
323775,W+1_RB1in_S06,1,6,1,2.09334,14532,0.00907519,1.00507,2.10395,167,Col,80.237575531
323775,W+1_RB1out_S06,1,6,1,2.44731,14723,0.0108045,1.00401,2.45711,167,Col,78.71119689950001
323775,W+1_RB2in_S06,1,6,2,2.18255,13737,0.0106451,1.00319,2.18951,167,Col,88.14721425366668
323775,W+1_RB2out_S06,1,6,2,1.91352,10555,0.00562001,1.00382,1.92084,167,Col,87.455951691
323775,W+1_RB3+_S06,1,6,3,1.78857,4475,0.00519584,1.0008,1.79,167,Col,89.485294342
323775,W+1_RB3-_S06,1,6,3,2.08617,5205,0.00721443,1.0004,2.08701,167,Col,88.6951904295
323775,W+1_RB4+_S06,1,6,4,1.74337,3811,0.0105215,1.00229,1.74736,167,Col,87.0
323775,W+1_RB4-_S06,1,6,4,1.64687,4020,0.00573535,1.00041,1.64754,167,Col,86.8421058655
323775,W+1_RB1in_S07,1,7,1,2.03372,14535,0.00713586,1.00577,2.04545,167,Col,82.6963424685
323775,W+1_RB1out_S07,1,7,1,2.04177,12955,0.0110323,1.00443,2.05082,167,Col,82.10911560049999
323775,W+1_RB2in_S07,1,7,2,1.99492,12558,0.0104845,1.00447,2.00383,167,Col,88.47411855066667
323775,W+1_RB2out_S07,1,7,2,1.96488,11023,0.00356506,1.0052,1.97509,167,Col,88.58086013799999
323775,W+1_RB3+_S07,1,7,3,2.26128,5816,0.0365474,1.00156,2.2648,167,Col,93.015953064
323775,W+1_RB3-_S07,1,7,3,1.76062,4435,0.00913061,1.00159,1.76342,167,Col,90.930644989
323775,W+1_RB4+_S07,1,7,4,1.888,4012,0.0122353,1.00189,1.89156,167,Col,100.0
323775,W+1_RB4-_S07,1,7,4,2.5148,5779,0.0100087,1.00044,2.51589,167,Col,90.625
323775,W+1_RB1in_S08,1,8,1,2.28081,16805,0.00909338,1.00615,2.29482,167,Col,78.9654426575
323775,W+1_RB1out_S08,1,8,1,2.23842,14975,0.00852018,1.00586,2.25154,167,Col,82.030761719
323775,W+1_RB2in_S08,1,8,2,1.92907,12620,0.0102415,1.00399,1.93677,167,Col,88.71119689933333
323775,W+1_RB2out_S08,1,8,2,2.14508,11311,0.0100512,1.00438,2.15448,167,Col,82.237815857
323775,W+1_RB3+_S08,1,8,3,1.8187,5116,0.0227515,1.00036,1.81935,167,Col,92.8891716
323775,W+1_RB3-_S08,1,8,3,2.06006,5179,0.00676213,1.0004,2.06088,167,Col,86.7966880795
323775,W+1_RB4+_S08,1,8,4,1.77246,3334,0.0116959,1.0,1.77246,167,Col,100.0
323775,W+1_RB4-_S08,1,8,4,1.77207,4517,0.00823852,1.00039,1.77276,167,Col,70.2898521425
323775,W+1_RB1in_S09,1,9,1,2.1926,16177,0.00542152,1.00436,2.20215,167,Col,82.62041473400001
323775,W+1_RB1out_S09,1,9,1,1.82779,11972,0.00824427,1.00352,1.83423,167,Col,81.99007034350001
323775,W+1_RB2in_S09,1,9,2,1.50154,9278,0.00598802,1.00276,1.50568,167,Col,79.36747233066666
323775,W+1_RB2out_S09,1,9,2,1.61667,8536,0.00909091,1.00285,1.62127,167,Col,78.90760040250001
323775,W+1_RB3+_S09,1,9,3,1.92139,4644,0.00330989,1.00207,1.92537,167,Col,87.32873916599999
323775,W+1_RB3-_S09,1,9,3,1.927,4646,0.00539195,1.00166,1.9302,167,Col,76.1942539215
323775,W+1_RB4_S09,1,9,4,1.8763,5233,0.0150592,1.00108,1.87832,167,Col,96.3188552855
323775,W+1_RB1in_S10,1,10,1,2.05422,14548,0.00607173,1.00582,2.06618,167,Col,80.74389267000001
323775,W+1_RB1out_S10,1,10,1,2.10963,13567,0.0097963,1.00484,2.11984,167,Col,82.9602127075
323775,W+1_RB2in_S10,1,10,2,1.86532,11869,0.0064435,1.00379,1.87238,167,Col,88.90082550033333
323775,W+1_RB2out_S10,1,10,2,1.95485,10867,0.0062961,1.00506,1.96474,167,Col,88.110027313
323775,W+1_RB3+_S10,1,10,3,1.97867,5287,0.00673653,1.00075,1.98015,167,Col,93.0848045345
323775,W+1_RB3-_S10,1,10,3,1.8794,4644,0.00404694,1.00081,1.88092,167,Col,90.3033065795
323775,W+1_RB4+_S10,1,10,4,1.73073,5367,0.00193486,1.00194,1.73409,167,Col,96.49388504000001
323775,W+1_RB4-_S10,1,10,4,1.87106,5224,0.00358166,1.00215,1.87509,167,Col,90.5619506835
323775,W+1_RB1in_S11,1,11,1,2.1879,15405,0.00923164,1.00614,2.20134,167,Col,81.45595932
323775,W+1_RB1out_S11,1,11,1,2.05753,12088,0.00902128,1.00324,2.06421,167,Col,75.8736686705
323775,W+1_RB2in_S11,1,11,2,1.87149,11738,0.00749362,1.00352,1.87808,167,Col,87.00170898433333
323775,W+1_RB2out_S11,1,11,2,2.00655,11032,0.00709349,1.00402,2.01461,167,Col,85.263713837
323775,W+1_RB3+_S11,1,11,3,2.09961,5375,0.00703125,1.00117,2.10207,167,Col,92.83334350550001
323775,W+1_RB3-_S11,1,11,3,1.88606,4734,0.00278884,1.0024,1.89058,167,Col,88.6478500365
323775,W+1_RB4_S11,1,11,4,1.92077,4921,0.00858704,1.00039,1.92152,167,Col,97.4040641785
323775,W+1_RB1in_S12,1,12,1,2.05084,13997,0.00615385,1.00501,2.06111,167,Col,76.7252464295
323775,W+1_RB1out_S12,1,12,1,2.06907,13689,0.0110339,1.00532,2.08008,167,Col,82.448852539
323775,W+1_RB2in_S12,1,12,2,2.03366,12989,0.00407077,1.00456,2.04294,167,Col,87.652244568
323775,W+1_RB2out_S12,1,12,2,1.54757,7580,0.00122499,1.00513,1.55551,167,Col,74.9788208005
323775,W+1_RB3+_S12,1,12,3,1.91016,5209,0.00366703,1.0011,1.91226,167,Col,91.759490967
323775,W+1_RB3-_S12,1,12,3,1.85287,4710,0.00314713,1.00237,1.85726,167,Col,90.9897613525
323775,W+1_RB4+_S12,1,12,4,1.97711,4923,0.00321285,1.00161,1.98029,167,Col,92.85714340199999
323775,W+1_RB4-_S12,1,12,4,1.64302,2803,0.00586166,1.00059,1.64399,167,Col,95.833332062
323775,W+2_RB1in_S01,2,1,1,2.88376,14687,0.0141371,1.00374,2.89456,167,Col,52.0268669125
323775,W+2_RB1out_S01,2,1,1,1.57646,6350,0.00645482,1.00349,1.58196,167,Col,48.435569763000004
323775,W+2_RB2in_S01,2,1,2,1.8555,9207,0.0044337,1.00364,1.86226,167,Col,62.7180900575
323775,W+2_RB2out_S01,2,1,2,1.80785,7649,0.00330891,1.00095,1.80956,167,Col,74.00675455733334
323775,W+2_RB3+_S01,2,1,3,1.9,4066,0.00700935,1.00047,1.90089,167,Col,90.93368530250001
323775,W+2_RB3-_S01,2,1,3,1.32182,2526,0.0125589,1.00105,1.32321,167,Col,77.06549835199999
323775,W+2_RB4+_S01,2,1,4,1.53719,2873,0.00856073,1.00161,1.53966,167,Col,77.2727279665
323775,W+2_RB4-_S01,2,1,4,1.7411,3618,0.00962464,1.00096,1.74277,167,Col,25.0
323775,W+2_RB1in_S02,2,2,1,2.0158,11357,0.0172169,1.00392,2.0237,167,Col,52.6922607425
323775,W+2_RB1out_S02,2,2,1,1.80999,8592,0.0136929,1.00275,1.81496,167,Col,51.0628643035
323775,W+2_RB2in_S02,2,2,2,2.03763,11641,0.0129529,1.0044,2.04659,167,Col,79.9591026305
323775,W+2_RB2out_S02,2,2,2,2.04975,10876,0.0154542,1.00378,2.05751,167,Col,82.66910298700002
323775,W+2_RB3+_S02,2,2,3,1.80623,4465,0.0052589,1.0,1.80623,167,Col,93.086517334
323775,W+2_RB3-_S02,2,2,3,1.85743,4651,0.0223642,1.0024,1.86189,167,Col,91.1154022215
323775,W+2_RB4+_S02,2,2,4,1.89378,4778,0.00990884,1.00278,1.89905,167,Col,81.25
323775,W+2_RB4-_S02,2,2,4,1.84187,3634,0.00709579,1.00203,1.84561,167,Col,70.0
323775,W+2_RB1in_S03,2,3,1,1.97293,9476,0.00853633,1.0025,1.97788,167,Col,49.6896648405
323775,W+2_RB1out_S03,2,3,1,2.00022,9051,0.0101657,1.00377,2.00776,167,Col,56.346694946499994
323775,W+2_RB2in_S03,2,3,2,1.93064,9854,0.00881661,1.00492,1.94015,167,Col,76.55963897699999
323775,W+2_RB2out_S03,2,3,2,2.18361,9966,0.0111744,1.0033,2.19081,167,Col,78.471748352
323775,W+2_RB3+_S03,2,3,3,2.07308,4312,0.00721154,1.00241,2.07807,167,Col,90.724056244
323775,W+2_RB3-_S03,2,3,3,1.68402,3816,0.00573698,1.00177,1.687,167,Col,88.534362793
323775,W+2_RB4+_S03,2,3,4,1.85174,3772,0.00638193,1.00098,1.85356,167,Col,47.80219841
323775,W+2_RB4-_S03,2,3,4,1.47488,3053,0.00676329,1.00145,1.47702,167,Col,12.0
323775,W+2_RB1in_S04,2,4,1,2.01237,9925,0.00750203,1.00305,2.01851,167,Col,50.263929367
323775,W+2_RB1out_S04,2,4,1,1.98649,8967,0.0159504,1.00289,1.99222,167,Col,56.5679340365
323775,W+2_RB2in_S04,2,4,2,2.04166,9606,0.010627,1.0032,2.04819,167,Col,75.90451049800001
323775,W+2_RB2out_S04,2,4,2,1.81715,7861,0.012945,1.00208,1.82094,167,Col,79.26757303866667
323775,W+2_RB3+_S04,2,4,3,1.69995,3524,0.0400386,1.00193,1.70324,167,Col,91.4598197935
323775,W+2_RB3-_S04,2,4,3,1.70384,3193,0.00960512,1.00053,1.70475,167,Col,85.6676292415
323775,W+2_RB4++_S04,2,4,4,1.68078,2064,0.0162866,1.00081,1.68215,167,Col,91.379310608
323775,W+2_RB4+_S04,2,4,4,1.68457,2729,0.00740741,1.0031,1.68978,167,Col,94.19605255100001
323775,W+2_RB4--_S04,2,4,4,1.59288,2058,0.00773994,1.0,1.59288,167,Col,72.916666031
323775,W+2_RB4-_S04,2,4,4,1.79025,2535,0.00635593,1.0,1.79025,167,Col,93.778507233
323775,W+2_RB1in_S05,2,5,1,2.04533,9881,0.0109708,1.00541,2.0564,167,Col,51.2195091245
323775,W+2_RB1out_S05,2,5,1,2.36804,10417,0.00818368,1.00572,2.38157,167,Col,56.850299835
323775,W+2_RB2in_S05,2,5,2,1.85738,8817,0.0113756,1.00487,1.86643,167,Col,76.2359428405
323775,W+2_RB2out_S05,2,5,2,1.94429,8341,0.0151515,1.00539,1.95477,167,Col,78.57352447533333
323775,W+2_RB3+_S05,2,5,3,1.87333,3638,0.00102987,1.00258,1.87816,167,Col,90.78665161149999
323775,W+2_RB3-_S05,2,5,3,1.90352,3946,0.0067535,1.00193,1.9072,167,Col,90.121997833
323775,W+2_RB4+_S05,2,5,4,1.78883,3202,0.00391061,1.00056,1.78983,167,Col,62.0
323775,W+2_RB4-_S05,2,5,4,1.7776,3317,0.00589496,1.00107,1.77951,167,Col,65.49707412699999
323775,W+2_RB1in_S06,2,6,1,1.95428,9148,0.0140996,1.00214,1.95847,167,Col,50.371471405
323775,W+2_RB1out_S06,2,6,1,1.98032,8353,0.0116169,1.00309,1.98644,167,Col,54.684617996
323775,W+2_RB2in_S06,2,6,2,1.91358,8791,0.0106661,1.00415,1.92153,167,Col,76.192462921
323775,W+2_RB2out_S06,2,6,2,1.97914,8063,0.00932744,1.00246,1.98401,167,Col,76.84321339933332
323775,W+2_RB3+_S06,2,6,3,1.71153,3370,0.00101574,1.00204,1.71501,167,Col,91.3788871765
323775,W+2_RB3-_S06,2,6,3,1.74938,3511,0.00249128,1.0015,1.752,167,Col,90.60149383550001
323775,W+2_RB4+_S06,2,6,4,1.69306,3122,0.00596529,1.0,1.69306,167,Col,62.0
323775,W+2_RB4-_S06,2,6,4,1.89026,3669,0.00721278,1.00155,1.89319,167,Col,70.0
323775,W+2_RB1in_S07,2,7,1,2.07561,9635,0.0101249,1.00454,2.08505,167,Col,48.7632160185
323775,W+2_RB1out_S07,2,7,1,2.07699,8956,0.0136827,1.00256,2.08231,167,Col,55.3384571075
323775,W+2_RB2in_S07,2,7,2,2.04429,9185,0.0131315,1.00313,2.05068,167,Col,0.0
323775,W+2_RB2out_S07,2,7,2,1.90393,7749,0.0157248,1.00197,1.90768,167,Col,0.0
323775,W+2_RB3+_S07,2,7,3,1.9781,4065,0.00486618,1.00097,1.98003,167,Col,91.51573562600001
323775,W+2_RB3-_S07,2,7,3,1.91571,4000,0.00622605,1.00048,1.91663,167,Col,89.28871154800001
323775,W+2_RB4+_S07,2,7,4,1.95211,3465,0.0140845,1.00113,1.95431,167,Col,0.0
323775,W+2_RB4-_S07,2,7,4,1.78389,3566,0.0070035,1.0015,1.78657,167,Col,62.0
323775,W+2_RB1in_S08,2,8,1,2.15254,10668,0.0119048,1.00365,2.16039,167,Col,50.923822403
323775,W+2_RB1out_S08,2,8,1,2.04475,8864,0.0101499,1.00463,2.05423,167,Col,54.50979805
323775,W+2_RB2in_S08,2,8,2,1.76907,7607,0.0132558,1.00397,1.77609,167,Col,67.3424453735
323775,W+2_RB2out_S08,2,8,2,1.395,5361,0.0114494,1.00287,1.39901,167,Col,67.37710952766666
323775,W+2_RB3+_S08,2,8,3,1.93619,4248,0.00820419,1.00046,1.93707,167,Col,93.27732849099999
323775,W+2_RB3-_S08,2,8,3,2.00299,4024,0.00945744,1.0015,2.00598,167,Col,88.847194672
323775,W+2_RB4+_S08,2,8,4,0.0,0,0.0,0.0,0.0,167,Col,0.0
323775,W+2_RB4-_S08,2,8,4,1.86552,3912,0.00572246,1.00143,1.86819,167,Col,66.666664124
323775,W+2_RB1in_S09,2,9,1,2.36168,11166,0.00951777,1.0034,2.36969,167,Col,49.2822208405
323775,W+2_RB1out_S09,2,9,1,2.19987,9994,0.0127669,1.00353,2.20764,167,Col,55.755657196499996
323775,W+2_RB2in_S09,2,9,2,2.13232,10636,0.0128308,1.00382,2.14047,167,Col,76.6715393065
323775,W+2_RB2out_S09,2,9,2,1.76947,8090,0.011811,1.00373,1.77607,167,Col,78.906366984
323775,W+2_RB3+_S09,2,9,3,1.67764,3414,0.00737101,1.00098,1.67929,167,Col,90.603591919
323775,W+2_RB3-_S09,2,9,3,2.00585,4455,0.0,1.0009,2.00766,167,Col,91.7720680235
323775,W+2_RB4_S09,2,9,4,1.82998,3907,0.0088993,1.00094,1.83169,167,Col,49.242423058
323775,W+2_RB1in_S10,2,10,1,2.11385,10026,0.00780097,1.00466,2.1237,167,Col,51.666305542
323775,W+2_RB1out_S10,2,10,1,1.94584,8587,0.00385225,1.00204,1.94982,167,Col,56.5785713195
323775,W+2_RB2in_S10,2,10,2,2.20575,10431,0.00803553,1.00191,2.20996,167,Col,77.291278839
323775,W+2_RB2out_S10,2,10,2,1.79903,7788,0.00669901,1.00185,1.80236,167,Col,78.78573608433334
323775,W+2_RB3+_S10,2,10,3,1.90059,3843,0.00296736,1.0,1.90059,167,Col,91.97838211050001
323775,W+2_RB3-_S10,2,10,3,1.77114,3645,0.00194363,1.0,1.77114,167,Col,90.377922058
323775,W+2_RB4+_S10,2,10,4,1.96011,4914,0.0111687,1.0024,1.96481,167,Col,96.096321106
323775,W+2_RB4-_S10,2,10,4,1.4251,2987,0.00667939,1.00143,1.42714,167,Col,80.6753425595
323775,W+2_RB1in_S11,2,11,1,2.45094,11664,0.0126077,1.00549,2.4644,167,Col,51.0747947695
323775,W+2_RB1out_S11,2,11,1,1.51248,5997,0.00781841,1.00354,1.51784,167,Col,48.618598938000005
323775,W+2_RB2in_S11,2,11,2,1.93601,8985,0.010989,1.00346,1.9427,167,Col,76.69178772000001
323775,W+2_RB2out_S11,2,11,2,1.79745,7321,0.0139946,1.00148,1.8001,167,Col,78.57411193833333
323775,W+2_RB3+_S11,2,11,3,2.07908,3996,0.00936524,1.0,2.07908,167,Col,89.93695068349999
323775,W+2_RB3-_S11,2,11,3,0.0,0,0.0,0.0,0.0,167,Col,0.0
323775,W+2_RB4_S11,2,11,4,1.80895,3437,0.0152632,1.00105,1.81085,167,Col,45.833332062
323775,W+2_RB1in_S12,2,12,1,2.38438,5403,0.00485437,1.00265,2.39071,167,Col,23.411546707
323775,W+2_RB1out_S12,2,12,1,1.75682,4183,0.0104998,1.00253,1.76126,167,Col,28.656387329
323775,W+2_RB2in_S12,2,12,2,1.9035,9133,0.00687787,1.00356,1.91027,167,Col,77.76341247549999
323775,W+2_RB2out_S12,2,12,2,1.91278,8114,0.00565771,1.00189,1.91639,167,Col,78.18970743833331
323775,W+2_RB3+_S12,2,12,3,1.74342,3778,0.00646054,1.00092,1.74503,167,Col,91.27037811299999
323775,W+2_RB3-_S12,2,12,3,0.0,0,0.0,0.0,0.0,167,Col,0.0
323775,W+2_RB4+_S12,2,12,4,1.92511,3933,0.000489476,1.00147,1.92794,167,Col,15.0
323775,W+2_RB4-_S12,2,12,4,1.68754,2425,0.00487126,1.0,1.68754,167,Col,29.166666031
