run,chamber,wheel,sector,station,avg_cluster_size,occupancy,avg_bx_dist,avg_no_of_clusters,avg_multiplicity,lumisections,type,avg_efficiency,fid_eff_ch_level
324293,W-2_RB1in_S01,-2,1,1,1.93502,95445,0.00541308,1.00401,1.94278,2346,Col,54.2071723935,96.9538116455078
324293,W-2_RB1out_S01,-2,1,1,1.85836,83442,0.00699316,1.00394,1.86567,2346,Col,59.686954498,97.65830612182616
324293,W-2_RB2in_S01,-2,1,2,2.02109,98708,0.00595835,1.00374,2.02865,2346,Col,81.0419883725,98.35134887695312
324293,W-2_RB2out_S01,-2,1,2,1.86636,84294,0.0118233,1.00293,1.87183,2346,Col,84.31887817366668,98.56309509277344
324293,W-2_RB3+_S01,-2,1,3,1.86441,39106,0.00357569,1.00129,1.86681,2346,Col,92.1394577025,98.29366302490234
324293,W-2_RB3-_S01,-2,1,3,1.87534,39911,0.00465182,1.00108,1.87737,2346,Col,91.8120880125,97.97466278076172
324293,W-2_RB4+_S01,-2,1,4,1.92155,39584,0.00475728,1.00122,1.92389,2346,Col,45.3846149445,91.66666412353516
324293,W-2_RB4-_S01,-2,1,4,0.0,0,0.0,0.0,0.0,2346,Col,0.0,0.0
324293,W-2_RB1in_S02,-2,2,1,1.97556,105807,0.00498525,1.00428,1.98401,2346,Col,56.081790924,95.68955993652344
324293,W-2_RB1out_S02,-2,2,1,2.15806,105512,0.00589053,1.00386,2.16639,2346,Col,61.295923233,97.21997833251952
324293,W-2_RB2in_S02,-2,2,2,1.80221,93722,0.00432659,1.00378,1.80903,2346,Col,82.35011673,97.90329360961914
324293,W-2_RB2out_S02,-2,2,2,2.268,107680,0.0132061,1.00319,2.27523,2346,Col,85.12044016533333,98.2656758626302
324293,W-2_RB3+_S02,-2,2,3,0.0,0,0.0,0.0,0.0,2346,Col,0.0,0.0
324293,W-2_RB3-_S02,-2,2,3,1.69287,37558,0.00383124,1.00086,1.69432,2346,Col,91.972236633,96.8879737854004
324293,W-2_RB4+_S02,-2,2,4,1.81137,39814,0.00723385,1.00164,1.81435,2346,Col,53.095237732,96.83992004394533
324293,W-2_RB4-_S02,-2,2,4,1.68487,31989,0.00826925,1.00137,1.68718,2346,Col,52.727272034,92.01228713989258
324293,W-2_RB1in_S03,-2,3,1,2.03385,103580,0.00565504,1.00384,2.04167,2346,Col,55.2544555665,97.25103378295898
324293,W-2_RB1out_S03,-2,3,1,2.07103,95984,0.00822077,1.00418,2.07969,2346,Col,59.648986816,97.76531600952148
324293,W-2_RB2in_S03,-2,3,2,2.15884,105889,0.00576974,1.00372,2.16688,2346,Col,78.7638320925,94.7486572265625
324293,W-2_RB2out_S03,-2,3,2,2.0246,94055,0.00637162,1.00311,2.0309,2346,Col,84.36180369066666,98.16265360514323
324293,W-2_RB3+_S03,-2,3,3,1.62351,30720,0.0839235,1.00122,1.62548,2346,Col,81.83285522450001,88.5511245727539
324293,W-2_RB3-_S03,-2,3,3,0.0,0,0.0,0.0,0.0,2346,Col,0.0,0.0
324293,W-2_RB4+_S03,-2,3,4,1.71016,35797,0.00664055,1.00172,1.7131,2346,Col,60.1254463195,97.26506805419922
324293,W-2_RB4-_S03,-2,3,4,1.87489,38887,0.0100767,1.00082,1.87642,2346,Col,47.077920914,90.97047805786131
324293,W-2_RB1in_S04,-2,4,1,2.01602,99946,0.19225,1.00399,2.02406,2346,Col,54.440378189,96.88065719604492
324293,W-2_RB1out_S04,-2,4,1,2.30374,104249,0.14353,1.00395,2.31284,2346,Col,59.4252738955,97.66577911376952
324293,W-2_RB2in_S04,-2,4,2,2.0271,97236,0.0486991,1.00358,2.03435,2346,Col,80.67778396599999,96.90602111816406
324293,W-2_RB2out_S04,-2,4,2,1.92674,80395,0.00659061,1.00255,1.93164,2346,Col,79.43802642833333,93.9646453857422
324293,W-2_RB3+_S04,-2,4,3,2.34665,49939,0.00624971,1.00141,2.34996,2346,Col,93.186115265,99.37046432495116
324293,W-2_RB3-_S04,-2,4,3,1.82714,38233,0.00387097,1.00057,1.82819,2346,Col,90.9822883605,96.55370712280272
324293,W-2_RB4++_S04,-2,4,4,1.7024,22247,0.118151,1.00031,1.70292,2346,Col,83.19670105,90.07538986206056
324293,W-2_RB4+_S04,-2,4,4,1.62319,25648,0.00335422,1.00057,1.62411,2346,Col,94.494697571,97.55078125
324293,W-2_RB4--_S04,-2,4,4,1.55722,20222,0.119667,1.00069,1.5583,2346,Col,60.937753677,96.1398582458496
324293,W-2_RB4-_S04,-2,4,4,0.0,0,0.0,0.0,0.0,2346,Col,0.0,0.0
324293,W-2_RB1in_S05,-2,5,1,2.14962,104538,0.0690917,1.00351,2.15716,2346,Col,53.989089966,96.98723602294922
324293,W-2_RB1out_S05,-2,5,1,1.96049,86938,0.0730409,1.00328,1.96692,2346,Col,59.20524406449999,97.27353286743164
324293,W-2_RB2in_S05,-2,5,2,1.92641,91281,0.378482,1.0036,1.93335,2346,Col,78.6544189455,94.90250015258788
324293,W-2_RB2out_S05,-2,5,2,2.02514,89803,0.113905,1.00274,2.03069,2346,Col,83.36740366633335,98.13601684570312
324293,W-2_RB3+_S05,-2,5,3,1.83948,23010,0.00679511,1.00088,1.84109,2346,Col,54.8912773135,59.52956771850586
324293,W-2_RB3-_S05,-2,5,3,1.74206,22990,0.00788058,1.00053,1.74299,2346,Col,56.0637016295,59.63119125366211
324293,W-2_RB4+_S05,-2,5,4,3.32573,50009,0.343353,1.00153,3.33082,2346,Col,56.222055435,87.07568359375
324293,W-2_RB4-_S05,-2,5,4,0.0,0,0.0,0.0,0.0,2346,Col,0.0,0.0
324293,W-2_RB1in_S06,-2,6,1,2.03927,100587,0.00559554,1.00354,2.04649,2346,Col,55.031845093,97.41892623901369
324293,W-2_RB1out_S06,-2,6,1,2.2961,104064,0.00593531,1.00372,2.30465,2346,Col,60.40596961999999,97.3578643798828
324293,W-2_RB2in_S06,-2,6,2,2.18902,107343,0.0100332,1.00323,2.1961,2346,Col,82.25959014899999,98.69058990478516
324293,W-2_RB2out_S06,-2,6,2,1.98215,87843,0.00679198,1.00251,1.98713,2346,Col,84.33148702,98.4719721476237
324293,W-2_RB3+_S06,-2,6,3,1.69338,35986,0.00484683,1.00089,1.69489,2346,Col,92.16027832,97.91113662719728
324293,W-2_RB3-_S06,-2,6,3,1.70151,36654,0.00366725,1.00093,1.70309,2346,Col,92.0366630555,97.58451080322266
324293,W-2_RB4+_S06,-2,6,4,1.87033,36363,0.00879539,1.00124,1.87264,2346,Col,49.464286804,91.32730102539062
324293,W-2_RB4-_S06,-2,6,4,1.71957,33444,0.0043704,1.00144,1.72205,2346,Col,56.467660904,94.2099609375
324293,W-2_RB1in_S07,-2,7,1,2.09088,101972,0.037441,1.00387,2.09897,2346,Col,53.9748039245,96.67106246948242
324293,W-2_RB1out_S07,-2,7,1,1.90417,84983,0.00647546,1.0036,1.91102,2346,Col,59.365537643500005,97.94124603271484
324293,W-2_RB2in_S07,-2,7,2,1.99926,88589,0.00403963,1.00326,2.00577,2346,Col,75.3427848815,90.27599334716795
324293,W-2_RB2out_S07,-2,7,2,1.83364,80231,0.00626214,1.00254,1.83831,2346,Col,83.39739735900001,98.07379150390624
324293,W-2_RB3+_S07,-2,7,3,2.24305,45406,0.00983056,1.00114,2.2456,2346,Col,91.2972221375,96.85952377319336
324293,W-2_RB3-_S07,-2,7,3,1.98686,41728,0.00618989,1.001,1.98885,2346,Col,92.330280304,97.84112167358398
324293,W-2_RB4+_S07,-2,7,4,1.87441,35209,0.00292802,1.0008,1.87591,2346,Col,55.55555343649999,95.52475357055664
324293,W-2_RB4-_S07,-2,7,4,0.0,0,0.0,0.0,0.0,2346,Col,0.0,0.0
324293,W-2_RB1in_S08,-2,8,1,1.94042,94287,0.00549484,1.0037,1.9476,2346,Col,50.5055160525,96.19956588745116
324293,W-2_RB1out_S08,-2,8,1,1.46608,56818,0.0074571,1.00287,1.47029,2346,Col,48.5622940065,82.4608154296875
324293,W-2_RB2in_S08,-2,8,2,2.12356,102723,0.0141194,1.00398,2.13202,2346,Col,80.3188705445,97.3637466430664
324293,W-2_RB2out_S08,-2,8,2,1.94459,85974,0.0439247,1.00304,1.9505,2346,Col,83.19235229499999,98.19735463460286
324293,W-2_RB3+_S08,-2,8,3,1.72481,37656,0.0042598,1.00096,1.72647,2346,Col,93.064998627,98.4262809753418
324293,W-2_RB3-_S08,-2,8,3,2.1087,45531,0.0796128,1.00065,2.11007,2346,Col,93.1298561095,98.40258407592772
324293,W-2_RB4+_S08,-2,8,4,0.0,0,0.0,0.0,0.0,2346,Col,0.0,0.0
324293,W-2_RB4-_S08,-2,8,4,1.39832,26975,0.00409517,1.00099,1.3997,2346,Col,51.517856598,90.1526336669922
324293,W-2_RB1in_S09,-2,9,1,1.91452,93505,0.0045864,1.00391,1.92199,2346,Col,54.531032562,96.44153594970705
324293,W-2_RB1out_S09,-2,9,1,1.92275,85149,0.00512589,1.0034,1.92929,2346,Col,59.5119781495,97.18321990966795
324293,W-2_RB2in_S09,-2,9,2,2.11722,103134,0.0057686,1.00334,2.12428,2346,Col,80.6628494265,97.44921493530272
324293,W-2_RB2out_S09,-2,9,2,1.70352,74575,0.00436302,1.00231,1.70746,2346,Col,82.21243286133334,96.6722412109375
324293,W-2_RB3+_S09,-2,9,3,1.86304,37095,0.0025614,1.0008,1.86454,2346,Col,88.2790641785,94.65102005004884
324293,W-2_RB3-_S09,-2,9,3,1.90468,40785,0.00429646,1.00061,1.90584,2346,Col,92.6790351865,98.04219818115234
324293,W-2_RB4_S09,-2,9,4,1.73694,37061,0.00290575,1.00155,1.73963,2346,Col,69.658121109,96.88472747802734
324293,W-2_RB1in_S10,-2,10,1,2.38534,118790,0.00508032,1.00387,2.39457,2346,Col,54.687166214,96.95066452026369
324293,W-2_RB1out_S10,-2,10,1,1.90346,87401,0.0380251,1.00374,1.91057,2346,Col,58.674118042,95.23724746704102
324293,W-2_RB2in_S10,-2,10,2,2.01971,102989,0.0316716,1.00443,2.02866,2346,Col,82.29726409899999,98.9768409729004
324293,W-2_RB2out_S10,-2,10,2,2.06512,95553,0.00447374,1.00306,2.07143,2346,Col,84.239479065,98.28596750895184
324293,W-2_RB3+_S10,-2,10,3,1.64247,36049,0.0716694,1.00123,1.6445,2346,Col,91.8580970765,97.91619491577148
324293,W-2_RB3-_S10,-2,10,3,1.72355,35331,0.00356115,1.00103,1.72531,2346,Col,85.493270874,92.33123397827148
324293,W-2_RB4+_S10,-2,10,4,1.80873,48342,0.00265649,1.00236,1.81301,2346,Col,94.9961586,98.08174514770508
324293,W-2_RB4-_S10,-2,10,4,1.84031,48251,0.00541592,1.00191,1.84382,2346,Col,94.467891693,97.81676864624023
324293,W-2_RB1in_S11,-2,11,1,2.17166,97994,0.00890878,1.00313,2.17847,2346,Col,49.4152469635,87.79232025146484
324293,W-2_RB1out_S11,-2,11,1,2.08078,93866,0.0126577,1.003,2.08702,2346,Col,58.1415729525,96.13874435424805
324293,W-2_RB2in_S11,-2,11,2,2.15007,109118,0.0367875,1.00346,2.15751,2346,Col,80.7010269165,97.98135375976562
324293,W-2_RB2out_S11,-2,11,2,1.95251,91352,0.0397546,1.00272,1.95782,2346,Col,83.89832560233334,98.59630584716795
324293,W-2_RB3+_S11,-2,11,3,1.93642,42851,0.00664287,1.00077,1.93791,2346,Col,92.613304138,98.33763885498048
324293,W-2_RB3-_S11,-2,11,3,1.93474,42454,0.116165,1.00073,1.93615,2346,Col,92.1839179995,97.9890251159668
324293,W-2_RB4_S11,-2,11,4,1.76977,39965,0.00921088,1.00169,1.77276,2346,Col,65.400156021,98.60345077514648
324293,W-2_RB1in_S12,-2,12,1,2.1274,102513,0.00709735,1.00431,2.13658,2346,Col,54.9819278715,97.33648681640624
324293,W-2_RB1out_S12,-2,12,1,1.98668,86939,0.00687827,1.00344,1.99351,2346,Col,59.182750702,97.0305290222168
324293,W-2_RB2in_S12,-2,12,2,2.13751,100512,0.0110584,1.00376,2.14554,2346,Col,79.498512268,96.3862533569336
324293,W-2_RB2out_S12,-2,12,2,1.87978,81699,0.00832912,1.00277,1.88498,2346,Col,83.37616221100001,98.44888305664062
324293,W-2_RB3+_S12,-2,12,3,0.0,0,0.0,0.0,0.0,2346,Col,0.0,0.0
324293,W-2_RB3-_S12,-2,12,3,2.75258,59530,0.00610348,1.00125,2.75602,2346,Col,94.069000244,99.5932502746582
324293,W-2_RB4+_S12,-2,12,4,1.78929,37092,0.00501688,1.00135,1.79171,2346,Col,66.161617279,98.8397979736328
324293,W-2_RB4-_S12,-2,12,4,1.66394,25881,0.0032789,1.00084,1.66534,2346,Col,54.638010025,98.66194152832033
324293,W-1_RB1in_S01,-1,1,1,2.06661,155905,0.00609756,1.0064,2.07984,2346,Col,86.189353943,97.35305404663086
324293,W-1_RB1out_S01,-1,1,1,2.07315,139844,0.00837595,1.00547,2.08449,2346,Col,86.5364990235,98.05021286010742
324293,W-1_RB2in_S01,-1,1,2,1.91854,128283,0.00569805,1.00399,1.9262,2346,Col,90.42094421400002,97.37571716308594
324293,W-1_RB2out_S01,-1,1,2,2.00642,118425,0.00689562,1.00424,2.01492,2346,Col,90.011554718,95.9995346069336
324293,W-1_RB3+_S01,-1,1,3,0.0,0,0.0,0.0,0.0,2346,Col,0.0,0.0
324293,W-1_RB3-_S01,-1,1,3,0.0,0,0.0,0.0,0.0,2346,Col,0.0,0.0
324293,W-1_RB4+_S01,-1,1,4,2.17628,59691,0.00864081,1.00146,2.17946,2346,Col,89.2022819515,98.15935516357422
324293,W-1_RB4-_S01,-1,1,4,0.0,0,0.0,0.0,0.0,2346,Col,0.0,0.0
324293,W-1_RB1in_S02,-1,2,1,2.16449,171146,0.00617175,1.00598,2.17743,2346,Col,84.537017822,95.5781135559082
324293,W-1_RB1out_S02,-1,2,1,2.38364,167243,0.00724028,1.00511,2.39583,2346,Col,84.3980407715,95.44815444946288
324293,W-1_RB2in_S02,-1,2,2,2.21276,156604,0.00864737,1.00439,2.22247,2346,Col,91.25837707533331,98.4202397664388
324293,W-1_RB2out_S02,-1,2,2,1.78437,109887,0.00513129,1.00393,1.79138,2346,Col,89.84928512549999,95.47526168823242
324293,W-1_RB3+_S02,-1,2,3,1.6923,51483,0.00289264,1.00102,1.69402,2346,Col,94.036441803,97.91582107543944
324293,W-1_RB3-_S02,-1,2,3,1.81362,51652,0.00519663,1.00148,1.8163,2346,Col,92.820381165,96.77142333984376
324293,W-1_RB4+_S02,-1,2,4,0.0,0,0.0,0.0,0.0,2346,Col,0.0,0.0
324293,W-1_RB4-_S02,-1,2,4,0.0,0,0.0,0.0,0.0,2346,Col,0.0,0.0
324293,W-1_RB1in_S03,-1,3,1,2.2164,135504,0.0551548,1.00533,2.22821,2346,Col,83.530269623,96.2030792236328
324293,W-1_RB1out_S03,-1,3,1,2.26721,125050,0.0354812,1.00481,2.27811,2346,Col,85.2705383305,97.37810897827148
324293,W-1_RB2in_S03,-1,3,2,1.78707,97608,0.00624325,1.0036,1.79351,2346,Col,87.35581207266667,97.63372802734376
324293,W-1_RB2out_S03,-1,3,2,1.76,87766,0.00836224,1.00397,1.76698,2346,Col,88.467845917,94.59140014648438
324293,W-1_RB3+_S03,-1,3,3,1.72699,38182,0.00334705,1.00113,1.72894,2346,Col,93.221790314,97.09855270385742
324293,W-1_RB3-_S03,-1,3,3,1.74669,41573,0.00499979,1.00109,1.7486,2346,Col,93.283531189,97.8349838256836
324293,W-1_RB4+_S03,-1,3,4,1.65623,31364,0.00480541,1.00137,1.65851,2346,Col,93.0390663145,97.31455612182616
324293,W-1_RB4-_S03,-1,3,4,1.51177,30621,0.00449272,1.00104,1.51334,2346,Col,73.3697624205,96.85833358764648
324293,W-1_RB1in_S04,-1,4,1,2.3692,176053,0.0275202,1.00559,2.38244,2346,Col,84.393417358,97.07797622680664
324293,W-1_RB1out_S04,-1,4,1,1.79391,55658,0.00506027,1.00444,1.80187,2346,Col,40.3905296325,47.19048690795898
324293,W-1_RB2in_S04,-1,4,2,1.73145,105733,0.048554,1.00357,1.73763,2346,Col,82.47777557366668,91.9560775756836
324293,W-1_RB2out_S04,-1,4,2,0.0,0,0.0,0.0,0.0,2346,Col,0.0,0.0
324293,W-1_RB3+_S04,-1,4,3,1.90674,52136,0.0203343,1.00125,1.90911,2346,Col,92.673408508,96.9043083190918
324293,W-1_RB3-_S04,-1,4,3,1.68462,45013,0.00291916,1.00105,1.68639,2346,Col,92.902935028,97.2333984375
324293,W-1_RB4++_S04,-1,4,4,0.0,0,0.0,0.0,0.0,2346,Col,0.0,0.0
324293,W-1_RB4+_S04,-1,4,4,0.0,0,0.0,0.0,0.0,2346,Col,0.0,0.0
324293,W-1_RB4--_S04,-1,4,4,1.6527,23237,0.112233,1.00043,1.65341,2346,Col,94.2388343815,96.4000358581543
324293,W-1_RB4-_S04,-1,4,4,1.53557,29595,0.00191978,1.00057,1.53644,2346,Col,95.952823639,98.05401611328124
324293,W-1_RB1in_S05,-1,5,1,1.98943,143949,0.111143,1.00531,1.99999,2346,Col,83.773109436,95.7778549194336
324293,W-1_RB1out_S05,-1,5,1,2.19695,145596,0.121439,1.00487,2.20764,2346,Col,85.9097824095,97.8503761291504
324293,W-1_RB2in_S05,-1,5,2,1.85321,123715,0.050931,1.00377,1.86021,2346,Col,89.802660624,97.84244537353516
324293,W-1_RB2out_S05,-1,5,2,1.9064,114325,0.0810085,1.00392,1.91387,2346,Col,91.577064514,97.73661422729492
324293,W-1_RB3+_S05,-1,5,3,2.19661,58263,0.0661665,1.00132,2.19952,2346,Col,93.819602966,97.5460968017578
324293,W-1_RB3-_S05,-1,5,3,1.78515,49961,0.0718191,1.00122,1.78732,2346,Col,93.5376739505,97.78641891479492
324293,W-1_RB4+_S05,-1,5,4,0.0,0,0.0,0.0,0.0,2346,Col,0.0,0.0
324293,W-1_RB4-_S05,-1,5,4,0.0,0,0.0,0.0,0.0,2346,Col,0.0,0.0
324293,W-1_RB1in_S06,-1,6,1,2.12221,160356,0.00652453,1.00564,2.13418,2346,Col,85.09760284449999,97.1248550415039
324293,W-1_RB1out_S06,-1,6,1,2.0526,136701,0.00678689,1.00495,2.06276,2346,Col,85.332092285,97.07008361816406
324293,W-1_RB2in_S06,-1,6,2,2.24973,145760,0.00936873,1.00415,2.25907,2346,Col,87.90316263833334,94.86389668782552
324293,W-1_RB2out_S06,-1,6,2,1.82503,108841,0.0039069,1.00406,1.83243,2346,Col,90.735572815,96.89190292358398
324293,W-1_RB3+_S06,-1,6,3,1.48552,38466,0.00502047,1.00104,1.48707,2346,Col,86.2115097045,92.55262756347656
324293,W-1_RB3-_S06,-1,6,3,1.61778,44340,0.00200671,1.00077,1.61902,2346,Col,91.3008842465,95.38853073120116
324293,W-1_RB4+_S06,-1,6,4,1.70191,38955,0.0290096,1.00118,1.70392,2346,Col,81.501548767,97.60705184936523
324293,W-1_RB4-_S06,-1,6,4,1.82421,35200,0.0163765,1.00119,1.82639,2346,Col,68.187164307,67.43748474121094
324293,W-1_RB1in_S07,-1,7,1,2.04721,150079,0.0240625,1.00605,2.0596,2346,Col,85.511569977,97.8360481262207
324293,W-1_RB1out_S07,-1,7,1,2.02315,131535,0.00535261,1.00512,2.0335,2346,Col,86.09539032,97.69248580932616
324293,W-1_RB2in_S07,-1,7,2,1.58982,89130,0.00652837,1.00342,1.59525,2346,Col,76.82731628433334,83.9945805867513
324293,W-1_RB2out_S07,-1,7,2,0.0,0,0.0,0.0,0.0,2346,Col,0.0,0.0
324293,W-1_RB3+_S07,-1,7,3,1.78068,47847,0.00353554,1.00134,1.78307,2346,Col,93.250259399,97.72484588623048
324293,W-1_RB3-_S07,-1,7,3,1.86616,50724,0.00489312,1.00118,1.86836,2346,Col,94.603553772,97.99994277954102
324293,W-1_RB4+_S07,-1,7,4,0.0,0,0.0,0.0,0.0,2346,Col,0.0,0.0
324293,W-1_RB4-_S07,-1,7,4,0.0,0,0.0,0.0,0.0,2346,Col,0.0,0.0
324293,W-1_RB1in_S08,-1,8,1,2.06359,149383,0.0332781,1.00517,2.07425,2346,Col,82.3995056155,94.59494400024414
324293,W-1_RB1out_S08,-1,8,1,2.02961,132416,0.005288,1.00481,2.03937,2346,Col,83.21117782600001,95.44314575195312
324293,W-1_RB2in_S08,-1,8,2,2.01131,134949,0.00544005,1.0038,2.01896,2346,Col,90.22670491566667,97.74226633707684
324293,W-1_RB2out_S08,-1,8,2,2.05353,118969,0.0368005,1.00421,2.06218,2346,Col,88.757774353,95.48036575317384
324293,W-1_RB3+_S08,-1,8,3,1.71547,45803,0.00513109,1.00112,1.7174,2346,Col,89.155658722,94.03155136108398
324293,W-1_RB3-_S08,-1,8,3,1.81671,49738,0.00452918,1.00132,1.81911,2346,Col,93.753417969,97.75466918945312
324293,W-1_RB4+_S08,-1,8,4,0.0,0,0.0,0.0,0.0,2346,Col,0.0,0.0
324293,W-1_RB4-_S08,-1,8,4,0.0,0,0.0,0.0,0.0,2346,Col,0.0,0.0
324293,W-1_RB1in_S09,-1,9,1,2.10516,156022,0.00719162,1.00499,2.11567,2346,Col,84.3641510005,96.33702850341795
324293,W-1_RB1out_S09,-1,9,1,2.2387,147656,0.00623143,1.0041,2.24787,2346,Col,85.4934654235,97.58708953857422
324293,W-1_RB2in_S09,-1,9,2,1.91026,123508,0.00570722,1.00373,1.91738,2346,Col,89.46260070800001,97.38180287679036
324293,W-1_RB2out_S09,-1,9,2,1.76148,97873,0.00568724,1.00399,1.76851,2346,Col,89.557601929,95.94347381591795
324293,W-1_RB3+_S09,-1,9,3,1.79423,46372,0.00220546,1.00093,1.7959,2346,Col,91.7309875485,95.4333038330078
324293,W-1_RB3-_S09,-1,9,3,1.64538,37745,0.00501308,1.00148,1.64782,2346,Col,87.576980591,90.91010284423828
324293,W-1_RB4_S09,-1,9,4,1.79314,46394,0.00761412,1.00135,1.79557,2346,Col,90.4496269225,96.13811111450195
324293,W-1_RB1in_S10,-1,10,1,2.24859,170551,0.00657895,1.00575,2.26153,2346,Col,84.8681030275,96.71905517578124
324293,W-1_RB1out_S10,-1,10,1,2.04122,139736,0.00463064,1.00543,2.05232,2346,Col,86.196804047,97.28204345703124
324293,W-1_RB2in_S10,-1,10,2,1.84884,126056,0.00374004,1.00427,1.85674,2346,Col,90.16098276766668,98.01497904459636
324293,W-1_RB2out_S10,-1,10,2,2.13951,128619,0.00548939,1.00448,2.14909,2346,Col,91.2235336305,97.30011367797852
324293,W-1_RB3+_S10,-1,10,3,2.032,56390,0.00605384,1.00159,2.03523,2346,Col,45.6579170225,48.5546875
324293,W-1_RB3-_S10,-1,10,3,1.78376,48504,0.00356723,1.00136,1.78619,2346,Col,45.369873047,47.79972839355469
324293,W-1_RB4+_S10,-1,10,4,1.93729,61073,0.00605868,1.00261,1.94234,2346,Col,92.754436493,97.25222778320312
324293,W-1_RB4-_S10,-1,10,4,1.76589,53941,0.00658024,1.00207,1.76954,2346,Col,92.269493103,94.8574562072754
324293,W-1_RB1in_S11,-1,11,1,2.15264,163450,0.0242065,1.00559,2.16467,2346,Col,84.63327026350001,96.8338394165039
324293,W-1_RB1out_S11,-1,11,1,2.05391,140968,0.0343124,1.00505,2.06429,2346,Col,86.02145004249999,97.46419525146484
324293,W-1_RB2in_S11,-1,11,2,1.92743,125435,0.00594662,1.00327,1.93373,2346,Col,86.01129658999999,92.38919321695964
324293,W-1_RB2out_S11,-1,11,2,1.94826,118121,0.00639958,1.00366,1.95539,2346,Col,91.391086578,97.45591354370116
324293,W-1_RB3+_S11,-1,11,3,1.72426,35899,0.00744476,1.00096,1.72591,2346,Col,67.8789958955,79.16401290893555
324293,W-1_RB3-_S11,-1,11,3,0.0,0,0.0,0.0,0.0,2346,Col,0.0,0.0
324293,W-1_RB4_S11,-1,11,4,1.85049,51997,0.00466209,1.0016,1.85346,2346,Col,92.524986267,96.87308883666992
324293,W-1_RB1in_S12,-1,12,1,2.09782,151899,0.00673959,1.00581,2.11,2346,Col,84.0482559205,96.7504997253418
324293,W-1_RB1out_S12,-1,12,1,2.00405,127221,0.00519832,1.00538,2.01484,2346,Col,82.6281967165,95.75608825683594
324293,W-1_RB2in_S12,-1,12,2,2.04574,135882,0.00653398,1.00411,2.05415,2346,Col,90.66679128033331,97.75521087646484
324293,W-1_RB2out_S12,-1,12,2,1.54427,77927,0.00723317,1.00336,1.54946,2346,Col,77.3094100955,84.08968353271484
324293,W-1_RB3+_S12,-1,12,3,0.0,0,0.0,0.0,0.0,2346,Col,0.0,0.0
324293,W-1_RB3-_S12,-1,12,3,1.69498,45900,0.00528065,1.00107,1.69679,2346,Col,93.4359817505,97.42276382446288
324293,W-1_RB4+_S12,-1,12,4,1.43093,34627,0.00776892,1.00137,1.43288,2346,Col,79.53599548349999,89.89934539794922
324293,W-1_RB4-_S12,-1,12,4,1.64759,29851,0.00502263,1.00094,1.64914,2346,Col,85.0748672485,98.27260208129884
324293,W+0_RB1in_S01,0,1,1,2.19134,185580,0.00493576,1.00586,2.20417,2346,Col,86.14897918700001,95.31649017333984
324293,W+0_RB1out_S01,0,1,1,2.00512,156189,0.0028885,1.00519,2.01552,2346,Col,88.705062866,97.39951705932616
324293,W+0_RB2in_S01,0,1,2,2.06704,156764,0.00512922,1.00445,2.07623,2346,Col,92.20976003,98.3408940633138
324293,W+0_RB2out_S01,0,1,2,1.93364,115448,0.00577841,1.00409,1.94154,2346,Col,80.3749465945,85.37665557861328
324293,W+0_RB3+_S01,0,1,3,1.97013,60217,0.00402421,1.00102,1.97213,2346,Col,94.6849746705,98.06468200683594
324293,W+0_RB3-_S01,0,1,3,1.75361,54455,0.00341352,1.0011,1.75554,2346,Col,94.479537964,98.1545867919922
324293,W+0_RB4+_S01,0,1,4,0.0,0,0.0,0.0,0.0,2346,Col,0.0,0.0
324293,W+0_RB4-_S01,0,1,4,0.0,0,0.0,0.0,0.0,2346,Col,0.0,0.0
324293,W+0_RB1in_S02,0,2,1,2.06918,187577,0.0044014,1.00484,2.0792,2346,Col,82.6519317625,89.67451858520508
324293,W+0_RB1out_S02,0,2,1,2.35352,204526,0.00363628,1.00473,2.36465,2346,Col,90.1063728335,98.18280029296876
324293,W+0_RB2in_S02,0,2,2,1.98171,163376,0.00913369,1.00357,1.98878,2346,Col,85.26842498766666,97.80703735351562
324293,W+0_RB2out_S02,0,2,2,1.9355,142846,0.00589407,1.00337,1.94203,2346,Col,91.188644409,96.87462997436523
324293,W+0_RB3+_S02,0,2,3,2.08022,73153,0.00361144,1.00108,2.08247,2346,Col,93.941898346,97.16945266723631
324293,W+0_RB3-_S02,0,2,3,1.81924,55876,0.0032884,1.00072,1.82054,2346,Col,87.1844062805,91.59281158447266
324293,W+0_RB4+_S02,0,2,4,1.93791,60054,0.00316241,1.00036,1.9386,2346,Col,85.30411911,86.60166931152344
324293,W+0_RB4-_S02,0,2,4,1.77386,46695,0.00505242,1.00164,1.77676,2346,Col,92.495426178,94.81879425048828
324293,W+0_RB1in_S03,0,3,1,2.14487,173121,0.0235647,1.00557,2.15681,2346,Col,87.50019454950001,96.53887557983398
324293,W+0_RB1out_S03,0,3,1,2.12012,158545,0.0444632,1.00516,2.13107,2346,Col,88.998180389,97.86606979370116
324293,W+0_RB2in_S03,0,3,2,2.87188,209535,0.0283302,1.0042,2.88393,2346,Col,87.266316732,93.90445709228516
324293,W+0_RB2out_S03,0,3,2,1.97363,133447,0.0710789,1.00337,1.98028,2346,Col,88.2191963195,94.54821014404295
324293,W+0_RB3+_S03,0,3,3,1.90483,56804,0.00429228,1.00151,1.90771,2346,Col,94.600276947,98.21137619018556
324293,W+0_RB3-_S03,0,3,3,1.88734,50594,0.061663,1.00075,1.88875,2346,Col,74.5925216675,79.2943229675293
324293,W+0_RB4+_S03,0,3,4,1.67617,49581,0.05524,1.00139,1.67849,2346,Col,95.275997162,96.5140609741211
324293,W+0_RB4-_S03,0,3,4,1.75898,53174,0.00727754,1.00116,1.76102,2346,Col,95.244255066,97.84092330932616
324293,W+0_RB1in_S04,0,4,1,2.01835,159478,0.0426886,1.00509,2.02862,2346,Col,88.07709503199999,96.8182601928711
324293,W+0_RB1out_S04,0,4,1,2.03688,146065,0.0489193,1.00438,2.04581,2346,Col,87.830821991,97.15344619750977
324293,W+0_RB2in_S04,0,4,2,1.93378,139462,0.0281757,1.00338,1.94031,2346,Col,91.368672689,97.94397989908856
324293,W+0_RB2out_S04,0,4,2,1.96026,126784,0.0268875,1.00326,1.96665,2346,Col,90.1646881105,96.66347885131836
324293,W+0_RB3+_S04,0,4,3,0.0,0,0.0,0.0,0.0,2346,Col,0.0,0.0
324293,W+0_RB3-_S04,0,4,3,1.67052,49013,0.00473756,1.00075,1.67177,2346,Col,92.041217804,95.58337783813477
324293,W+0_RB4++_S04,0,4,4,1.67308,28951,0.00462321,1.00116,1.67502,2346,Col,95.009120941,96.95437240600586
324293,W+0_RB4+_S04,0,4,4,1.85956,41459,0.0761606,1.00081,1.86107,2346,Col,95.594306946,97.48013687133788
324293,W+0_RB4--_S04,0,4,4,1.63144,27250,0.00299347,1.00048,1.63223,2346,Col,95.6955070495,97.52147674560548
324293,W+0_RB4-_S04,0,4,4,1.61823,34321,0.00315904,1.00061,1.61922,2346,Col,94.6628417965,97.4538345336914
324293,W+0_RB1in_S05,0,5,1,2.13745,179142,0.0778418,1.00589,2.15005,2346,Col,88.05450058,96.6408348083496
324293,W+0_RB1out_S05,0,5,1,2.15394,160753,0.0863973,1.0051,2.16494,2346,Col,88.5643348695,97.10909271240234
324293,W+0_RB2in_S05,0,5,2,1.50189,79905,0.0352612,1.00336,1.50693,2346,Col,65.84789784766667,70.91903940836589
324293,W+0_RB2out_S05,0,5,2,1.78549,109813,0.0552168,1.00375,1.79219,2346,Col,85.620162964,92.23861312866212
324293,W+0_RB3+_S05,0,5,3,1.69038,48749,0.11051,1.00135,1.69267,2346,Col,92.402568817,96.89458465576172
324293,W+0_RB3-_S05,0,5,3,1.87405,57316,0.05565,1.00101,1.87595,2346,Col,94.6495552065,98.20272445678712
324293,W+0_RB4+_S05,0,5,4,1.56625,38951,0.12791,1.00113,1.56801,2346,Col,94.5694046025,96.42609786987305
324293,W+0_RB4-_S05,0,5,4,1.65564,44482,0.118063,1.00138,1.65792,2346,Col,92.732040405,93.90216445922852
324293,W+0_RB1in_S06,0,6,1,2.27996,188856,0.0614852,1.00569,2.29294,2346,Col,87.821620941,96.1048355102539
324293,W+0_RB1out_S06,0,6,1,2.19282,164343,0.0472874,1.00504,2.20388,2346,Col,88.93888855,97.33161163330078
324293,W+0_RB2in_S06,0,6,2,2.28061,168505,0.0758736,1.00413,2.29003,2346,Col,92.158416748,98.61061096191406
324293,W+0_RB2out_S06,0,6,2,2.06646,134204,0.0744334,1.00405,2.07483,2346,Col,90.744670868,97.3663558959961
324293,W+0_RB3+_S06,0,6,3,1.83999,54081,0.0556274,1.00102,1.84187,2346,Col,93.7455329895,97.86786270141602
324293,W+0_RB3-_S06,0,6,3,1.75293,52381,0.106753,1.00107,1.75481,2346,Col,93.60187912,97.9148941040039
324293,W+0_RB4+_S06,0,6,4,1.66237,41885,0.0657247,1.00187,1.66547,2346,Col,95.7974777225,96.8461799621582
324293,W+0_RB4-_S06,0,6,4,1.6856,49469,0.106753,1.00154,1.68819,2346,Col,95.898826599,97.14092254638672
324293,W+0_RB1in_S07,0,7,1,2.12804,174593,0.0239871,1.00528,2.13928,2346,Col,88.514102936,96.79771041870116
324293,W+0_RB1out_S07,0,7,1,2.26967,158593,0.00589624,1.00444,2.27975,2346,Col,86.3647003175,95.54142761230467
324293,W+0_RB2in_S07,0,7,2,2.23871,160464,0.00489697,1.00394,2.24752,2346,Col,91.95842742933333,98.40702311197916
324293,W+0_RB2out_S07,0,7,2,2.11168,131661,0.00705705,1.00367,2.11943,2346,Col,88.57151794449999,94.25424575805664
324293,W+0_RB3+_S07,0,7,3,2.25091,65317,0.00379075,1.00086,2.25285,2346,Col,94.73090744,98.71963500976562
324293,W+0_RB3-_S07,0,7,3,1.96439,58093,0.00348291,1.00132,1.96699,2346,Col,93.424057007,97.93560791015624
324293,W+0_RB4+_S07,0,7,4,0.0,0,0.0,0.0,0.0,2346,Col,0.0,0.0
324293,W+0_RB4-_S07,0,7,4,0.0,0,0.0,0.0,0.0,2346,Col,0.0,0.0
324293,W+0_RB1in_S08,0,8,1,1.95832,165069,0.0220545,1.00548,1.96905,2346,Col,85.2509651185,93.92335891723631
324293,W+0_RB1out_S08,0,8,1,2.18873,169758,0.0249742,1.00479,2.19922,2346,Col,88.441169739,97.38238906860352
324293,W+0_RB2in_S08,0,8,2,2.29708,170427,0.0158371,1.00439,2.30715,2346,Col,91.768427531,98.1903788248698
324293,W+0_RB2out_S08,0,8,2,2.03086,134132,0.0049813,1.0042,2.03938,2346,Col,90.85187912,96.85857772827148
324293,W+0_RB3+_S08,0,8,3,2.06473,60321,0.00571624,1.0012,2.0672,2346,Col,88.2432632445,91.44964981079102
324293,W+0_RB3-_S08,0,8,3,1.7879,53712,0.00915385,1.00073,1.78921,2346,Col,94.220855713,97.9179573059082
324293,W+0_RB4+_S08,0,8,4,1.68466,33459,0.00604199,1.00086,1.6861,2346,Col,96.0373802185,97.2179069519043
324293,W+0_RB4-_S08,0,8,4,2.07803,60188,0.00479906,1.00128,2.08069,2346,Col,95.5046272275,96.56417083740234
324293,W+0_RB1in_S09,0,9,1,2.12788,172514,0.003318,1.00549,2.13958,2346,Col,86.7911109925,95.23645782470705
324293,W+0_RB1out_S09,0,9,1,2.14048,152905,0.0175964,1.00456,2.15023,2346,Col,85.381221771,94.02996063232422
324293,W+0_RB2in_S09,0,9,2,2.02353,151196,0.010399,1.00383,2.03128,2346,Col,91.48484039333331,97.77426147460938
324293,W+0_RB2out_S09,0,9,2,1.92482,126484,0.00241965,1.00376,1.93206,2346,Col,90.164009094,96.34279251098631
324293,W+0_RB3+_S09,0,9,3,2.03515,59864,0.00914499,1.00123,2.03765,2346,Col,94.5808753965,98.20500946044922
324293,W+0_RB3-_S09,0,9,3,2.3744,73350,0.00676551,1.00107,2.37694,2346,Col,95.4654464725,98.62147903442384
324293,W+0_RB4_S09,0,9,4,1.90639,56780,0.00614424,1.00158,1.90941,2346,Col,94.8900604245,95.82836532592772
324293,W+0_RB1in_S10,0,10,1,2.05655,172164,0.0050648,1.00542,2.06769,2346,Col,88.3660430905,96.46290969848631
324293,W+0_RB1out_S10,0,10,1,2.02259,151492,0.0143792,1.00476,2.03222,2346,Col,88.41099548349999,97.48472595214844
324293,W+0_RB2in_S10,0,10,2,1.91701,136786,0.00434454,1.00383,1.92434,2346,Col,88.99033864333335,95.6811243693034
324293,W+0_RB2out_S10,0,10,2,2.05567,130247,0.00719697,1.00375,2.06338,2346,Col,88.65823745750001,95.10204315185548
324293,W+0_RB3+_S10,0,10,3,1.95268,57317,0.00517835,1.00106,1.95474,2346,Col,93.2391204835,96.8276481628418
324293,W+0_RB3-_S10,0,10,3,1.8967,52127,0.00509406,1.00117,1.89891,2346,Col,87.028930664,91.62348175048828
324293,W+0_RB4+_S10,0,10,4,1.8251,58416,0.0054988,1.00163,1.82807,2346,Col,91.2071647645,92.66072082519533
324293,W+0_RB4-_S10,0,10,4,1.67524,57655,0.00415504,1.00213,1.6788,2346,Col,95.236743927,97.43381118774414
324293,W+0_RB1in_S11,0,11,1,2.21096,180041,0.0043104,1.00548,2.22309,2346,Col,86.476383209,95.0238800048828
324293,W+0_RB1out_S11,0,11,1,2.12047,156323,0.00478832,1.0047,2.13044,2346,Col,88.05199813850001,96.63631820678712
324293,W+0_RB2in_S11,0,11,2,1.99275,143468,0.00877839,1.00333,1.99939,2346,Col,89.89122263566667,97.12886810302734
324293,W+0_RB2out_S11,0,11,2,1.93023,122471,0.0184873,1.00334,1.93667,2346,Col,88.690677643,95.6676902770996
324293,W+0_RB3+_S11,0,11,3,1.80781,53596,0.00411509,1.00101,1.80964,2346,Col,94.4020614625,97.76191329956056
324293,W+0_RB3-_S11,0,11,3,1.91226,45684,0.00594391,1.00054,1.91331,2346,Col,76.09315681449999,81.2924861907959
324293,W+0_RB4_S11,0,11,4,1.76066,49737,0.0067613,1.00145,1.76322,2346,Col,92.1745872495,93.8050308227539
324293,W+0_RB1in_S12,0,12,1,2.09237,175895,0.0037471,1.00573,2.10436,2346,Col,88.242446899,96.55780029296876
324293,W+0_RB1out_S12,0,12,1,2.02568,153269,0.00543198,1.00518,2.03617,2346,Col,89.154373169,97.73695755004884
324293,W+0_RB2in_S12,0,12,2,2.0293,146045,0.0056275,1.00402,2.03746,2346,Col,90.91803741466668,97.37593332926431
324293,W+0_RB2out_S12,0,12,2,1.97332,127960,0.00549001,1.00389,1.98099,2346,Col,90.8535461425,96.89422988891602
324293,W+0_RB3+_S12,0,12,3,1.9293,58236,0.00364419,1.00106,1.93135,2346,Col,94.042015076,98.02373886108398
324293,W+0_RB3-_S12,0,12,3,2.12548,61960,0.00404789,1.0011,2.12782,2346,Col,93.7556800845,97.67573165893556
324293,W+0_RB4+_S12,0,12,4,2.01521,58943,0.0060173,1.00161,2.01846,2346,Col,96.0244140625,97.8285026550293
324293,W+0_RB4-_S12,0,12,4,1.83563,34565,0.0039299,1.00096,1.83739,2346,Col,91.8656349185,95.24458694458008
324293,W+1_RB1in_S01,1,1,1,1.92918,146573,0.00335628,1.00569,1.94016,2346,Col,86.46595001200001,94.76956176757812
324293,W+1_RB1out_S01,1,1,1,2.05116,131102,0.004193,1.00434,2.06006,2346,Col,83.592185974,92.07452392578124
324293,W+1_RB2in_S01,1,1,2,1.71262,104530,0.00463668,1.00373,1.71902,2346,Col,77.78054046633333,85.27949523925781
324293,W+1_RB2out_S01,1,1,2,1.91188,119716,0.00298641,1.00415,1.91982,2346,Col,91.184017181,97.48787689208984
324293,W+1_RB3+_S01,1,1,3,1.9531,55964,0.00191945,1.00112,1.95528,2346,Col,94.7185020445,97.98684310913086
324293,W+1_RB3-_S01,1,1,3,1.99057,58268,0.00242553,1.00137,1.9933,2346,Col,92.7865219115,96.84651947021484
324293,W+1_RB4+_S01,1,1,4,1.891,53328,0.00312046,1.00142,1.89368,2346,Col,86.3539772035,96.94274139404295
324293,W+1_RB4-_S01,1,1,4,1.76779,39747,0.00373599,1.00174,1.77086,2346,Col,75.78998565699999,89.33170318603516
324293,W+1_RB1in_S02,1,2,1,2.31951,216169,0.00480707,1.00574,2.33283,2346,Col,87.00436019899999,96.53247451782228
324293,W+1_RB1out_S02,1,2,1,2.16077,182114,0.00530362,1.00524,2.17208,2346,Col,86.91020584099999,96.7081527709961
324293,W+1_RB2in_S02,1,2,2,1.94995,158047,0.00399743,1.00429,1.95831,2346,Col,89.93089294466665,96.10412851969402
324293,W+1_RB2out_S02,1,2,2,2.16692,155310,0.00408801,1.00489,2.17753,2346,Col,90.4887123105,96.43114471435548
324293,W+1_RB3+_S02,1,2,3,1.88217,62774,0.0044675,1.00081,1.88369,2346,Col,90.5283699035,93.19554901123048
324293,W+1_RB3-_S02,1,2,3,1.82175,61147,0.0481454,1.00134,1.82419,2346,Col,93.6878547665,98.07234573364258
324293,W+1_RB4+_S02,1,2,4,1.75641,59277,0.049157,1.00113,1.75839,2346,Col,86.8930931095,97.11720657348631
324293,W+1_RB4-_S02,1,2,4,1.7289,42887,0.00233814,1.00149,1.73148,2346,Col,80.78168487549999,96.79926681518556
324293,W+1_RB1in_S03,1,3,1,2.06528,156387,0.091136,1.00603,2.07774,2346,Col,85.0695610045,97.20520401000977
324293,W+1_RB1out_S03,1,3,1,1.52633,91398,0.0802425,1.00498,1.53394,2346,Col,74.498821259,86.14656829833984
324293,W+1_RB2in_S03,1,3,2,2.25851,158464,0.0275074,1.00435,2.26834,2346,Col,90.04539744066666,97.02465311686198
324293,W+1_RB2out_S03,1,3,2,1.87828,115597,0.028175,1.00428,1.88631,2346,Col,88.862537384,95.3636703491211
324293,W+1_RB3+_S03,1,3,3,1.86013,50177,0.00355885,1.00122,1.86241,2346,Col,94.5199165345,97.86254501342772
324293,W+1_RB3-_S03,1,3,3,1.85307,56222,0.00349374,1.00106,1.85502,2346,Col,93.2238540645,98.18951416015624
324293,W+1_RB4+_S03,1,3,4,1.66825,45076,0.00259067,1.00148,1.67072,2346,Col,90.5637168885,96.79813766479492
324293,W+1_RB4-_S03,1,3,4,1.68931,46647,0.00271611,1.00145,1.69176,2346,Col,79.95222091650001,97.61690139770508
324293,W+1_RB1in_S04,1,4,1,1.95799,117953,0.1074,1.005,1.96779,2346,Col,84.60809326149999,97.04716110229492
324293,W+1_RB1out_S04,1,4,1,1.95411,105401,0.0601987,1.00382,1.96157,2346,Col,85.088291168,96.9420166015625
324293,W+1_RB2in_S04,1,4,2,1.99267,87783,0.0439244,1.00323,1.99911,2346,Col,74.140179952,82.6070073445638
324293,W+1_RB2out_S04,1,4,2,1.66522,78207,0.0390929,1.0038,1.67155,2346,Col,88.9630737305,96.1538543701172
324293,W+1_RB3+_S04,1,4,3,1.59654,32801,0.0750061,1.00083,1.59787,2346,Col,93.1092338565,98.11660766601562
324293,W+1_RB3-_S04,1,4,3,1.7056,37634,0.00185815,1.00082,1.70699,2346,Col,92.48147583,97.86063766479492
324293,W+1_RB4++_S04,1,4,4,0.0,0,0.0,0.0,0.0,2346,Col,0.0,0.0
324293,W+1_RB4+_S04,1,4,4,0.0,0,0.0,0.0,0.0,2346,Col,0.0,0.0
324293,W+1_RB4--_S04,1,4,4,0.0,0,0.0,0.0,0.0,2346,Col,0.0,0.0
324293,W+1_RB4-_S04,1,4,4,0.0,0,0.0,0.0,0.0,2346,Col,0.0,0.0
324293,W+1_RB1in_S05,1,5,1,2.06879,144286,0.0712749,1.00557,2.08031,2346,Col,80.99879455600001,92.46996688842772
324293,W+1_RB1out_S05,1,5,1,2.16006,136170,0.0779822,1.0048,2.17042,2346,Col,82.01089477549999,92.86984252929688
324293,W+1_RB2in_S05,1,5,2,2.08115,137899,0.0855858,1.00402,2.08951,2346,Col,90.96648152633334,97.79403432210286
324293,W+1_RB2out_S05,1,5,2,1.84694,104293,0.0862967,1.00421,1.85472,2346,Col,88.6074676515,94.29848861694336
324293,W+1_RB3+_S05,1,5,3,1.89724,50975,0.116607,1.00093,1.89901,2346,Col,94.7775382995,98.8283920288086
324293,W+1_RB3-_S05,1,5,3,1.83498,47704,0.0626995,1.00104,1.83689,2346,Col,88.83192062399999,95.55566024780272
324293,W+1_RB4+_S05,1,5,4,1.82892,41542,0.0801268,1.0015,1.83166,2346,Col,79.145061493,98.03519439697266
324293,W+1_RB4-_S05,1,5,4,1.75957,44971,0.0660067,1.00145,1.76212,2346,Col,94.845436096,97.29319763183594
324293,W+1_RB1in_S06,1,6,1,2.10171,150346,0.004026,1.00571,2.11371,2346,Col,83.9122924805,95.80371856689452
324293,W+1_RB1out_S06,1,6,1,2.41088,149829,0.0309267,1.00487,2.42261,2346,Col,82.54283905049999,93.79581451416016
324293,W+1_RB2in_S06,1,6,2,2.13133,139097,0.0296339,1.00398,2.13982,2346,Col,90.20675659166666,97.3595962524414
324293,W+1_RB2out_S06,1,6,2,1.92526,111105,0.0309657,1.00414,1.93324,2346,Col,90.24993515,96.54069519042967
324293,W+1_RB3+_S06,1,6,3,1.80438,48240,0.00482514,1.00094,1.80607,2346,Col,93.345516205,97.29790878295898
324293,W+1_RB3-_S06,1,6,3,2.00011,53649,0.0633412,1.0009,2.0019,2346,Col,92.8001251225,97.0682258605957
324293,W+1_RB4+_S06,1,6,4,1.76324,40133,0.00966566,1.00163,1.76611,2346,Col,83.595386505,98.06435012817384
324293,W+1_RB4-_S06,1,6,4,1.645,42247,0.0658827,1.00168,1.64776,2346,Col,82.1977996825,95.6107063293457
324293,W+1_RB1in_S07,1,7,1,2.01422,145725,0.00727042,1.00552,2.02534,2346,Col,85.947742462,97.57702255249023
324293,W+1_RB1out_S07,1,7,1,2.03088,131321,0.00576846,1.00479,2.0406,2346,Col,85.6347084045,97.38418197631836
324293,W+1_RB2in_S07,1,7,2,1.98508,129159,0.00806885,1.0044,1.99381,2346,Col,90.774264018,97.85316212972003
324293,W+1_RB2out_S07,1,7,2,1.95729,114429,0.00540513,1.00395,1.96502,2346,Col,91.2943305965,98.13606262207033
324293,W+1_RB3+_S07,1,7,3,2.32077,60955,0.0385684,1.0013,2.32378,2346,Col,94.6356544495,98.07648468017578
324293,W+1_RB3-_S07,1,7,3,1.7884,47584,0.010035,1.00132,1.79076,2346,Col,92.699718475,97.69591903686523
324293,W+1_RB4+_S07,1,7,4,1.96784,42950,0.00852195,1.00069,1.96919,2346,Col,86.84146499650001,97.60881042480467
324293,W+1_RB4-_S07,1,7,4,2.39274,58572,0.00723069,1.00123,2.39568,2346,Col,88.3894462585,95.1861572265625
324293,W+1_RB1in_S08,1,8,1,2.25089,167608,0.00476747,1.00609,2.26461,2346,Col,82.5452041625,94.31711959838869
324293,W+1_RB1out_S08,1,8,1,2.20555,150551,0.00571345,1.00586,2.21849,2346,Col,85.8992538455,97.39802551269533
324293,W+1_RB2in_S08,1,8,2,1.92377,129256,0.00586406,1.00391,1.9313,2346,Col,90.80508422866666,98.0746358235677
324293,W+1_RB2out_S08,1,8,2,2.16212,120162,0.00498417,1.00381,2.17036,2346,Col,86.7929611205,92.9856071472168
324293,W+1_RB3+_S08,1,8,3,1.81433,51975,0.015499,1.00122,1.81655,2346,Col,94.375629425,97.45112991333008
324293,W+1_RB3-_S08,1,8,3,2.08712,54549,0.00623661,1.00111,2.08944,2346,Col,89.2248573305,94.12907791137695
324293,W+1_RB4+_S08,1,8,4,1.87324,36324,0.0117065,1.00057,1.8743,2346,Col,87.71421814,98.26294326782228
324293,W+1_RB4-_S08,1,8,4,1.79753,48830,0.00625805,1.00151,1.80025,2346,Col,88.2976417545,97.1523208618164
324293,W+1_RB1in_S09,1,9,1,2.14749,162436,0.0047065,1.00552,2.15934,2346,Col,85.594676971,97.63602447509766
324293,W+1_RB1out_S09,1,9,1,1.8569,124869,0.00646879,1.00475,1.86572,2346,Col,85.14138793949999,97.33081817626952
324293,W+1_RB2in_S09,1,9,2,1.50179,93602,0.0066103,1.0032,1.5066,2346,Col,80.354960124,87.80813344319661
324293,W+1_RB2out_S09,1,9,2,1.62041,87314,0.0400119,1.00369,1.62638,2346,Col,79.8325538635,86.10010147094727
324293,W+1_RB3+_S09,1,9,3,1.89836,48300,0.00762489,1.0013,1.90083,2346,Col,88.31592941299999,93.29542922973631
324293,W+1_RB3-_S09,1,9,3,1.93096,46316,0.00804636,1.001,1.93289,2346,Col,77.822227478,84.22499465942383
324293,W+1_RB4_S09,1,9,4,1.88235,53312,0.00843867,1.00131,1.88482,2346,Col,93.40819931,98.11136627197266
324293,W+1_RB1in_S10,1,10,1,2.0511,146789,0.00366096,1.00582,2.06303,2346,Col,84.1882324215,96.7425537109375
324293,W+1_RB1out_S10,1,10,1,2.06747,132866,0.00459037,1.00504,2.07788,2346,Col,85.9313201905,97.97576522827148
324293,W+1_RB2in_S10,1,10,2,1.86072,120305,0.00411414,1.00368,1.86757,2346,Col,90.51089477533333,97.84864044189452
324293,W+1_RB2out_S10,1,10,2,1.96222,110771,0.0037554,1.00356,1.96919,2346,Col,90.325920105,96.9903678894043
324293,W+1_RB3+_S10,1,10,3,1.9573,52440,0.00365781,1.00093,1.95913,2346,Col,94.1801452635,97.9783706665039
324293,W+1_RB3-_S10,1,10,3,1.88252,47080,0.0035987,1.00092,1.88426,2346,Col,91.3694458005,95.58138275146484
324293,W+1_RB4+_S10,1,10,4,1.75475,55136,0.00318258,1.00242,1.759,2346,Col,96.4203414915,97.84777450561523
324293,W+1_RB4-_S10,1,10,4,1.79843,51622,0.00358835,1.0022,1.80238,2346,Col,90.5125083925,92.05127716064452
324293,W+1_RB1in_S11,1,11,1,2.1763,157414,0.00488034,1.00564,2.18859,2346,Col,84.23025512699999,96.39065551757812
324293,W+1_RB1out_S11,1,11,1,2.06041,123198,0.00382988,1.0044,2.06948,2346,Col,79.124202728,90.9199447631836
324293,W+1_RB2in_S11,1,11,2,1.81967,116799,0.00336517,1.00363,1.82627,2346,Col,89.507870992,97.66246287027997
324293,W+1_RB2out_S11,1,11,2,1.98969,111003,0.00535948,1.004,1.99764,2346,Col,87.60149002099999,94.8787078857422
324293,W+1_RB3+_S11,1,11,3,2.03569,52879,0.00419618,1.00119,2.03812,2346,Col,94.2091293335,97.776123046875
324293,W+1_RB3-_S11,1,11,3,1.92425,49486,0.00283859,1.00109,1.92635,2346,Col,89.9774513245,95.6293487548828
324293,W+1_RB4_S11,1,11,4,1.84131,49697,0.00377918,1.00204,1.84507,2346,Col,95.1798439025,97.72439575195312
324293,W+1_RB1in_S12,1,12,1,2.03236,141928,0.00488301,1.00533,2.04319,2346,Col,79.7500953675,90.29983520507812
324293,W+1_RB1out_S12,1,12,1,2.01097,135857,0.00913289,1.00536,2.02174,2346,Col,85.696876526,98.03821563720705
324293,W+1_RB2in_S12,1,12,2,2.01787,132703,0.00483547,1.0036,2.02513,2346,Col,90.054875692,97.69799550374348
324293,W+1_RB2out_S12,1,12,2,1.52921,77728,0.00379704,1.00351,1.53458,2346,Col,77.7734451295,82.7027587890625
324293,W+1_RB3+_S12,1,12,3,1.90093,52498,0.00307781,1.0012,1.9032,2346,Col,92.4996185305,95.85582733154295
324293,W+1_RB3-_S12,1,12,3,1.89028,50616,0.00339844,1.00101,1.89219,2346,Col,92.668289185,97.10296630859376
324293,W+1_RB4+_S12,1,12,4,1.93549,51695,0.00505448,1.00161,1.93861,2346,Col,82.917503357,96.60278701782228
324293,W+1_RB4-_S12,1,12,4,1.69343,29486,0.00264186,1.00057,1.6944,2346,Col,87.65176773050001,97.1272087097168
324293,W+2_RB1in_S01,2,1,1,2.8989,153897,0.00614075,1.00401,2.91053,2346,Col,56.888179779,99.2931137084961
324293,W+2_RB1out_S01,2,1,1,1.58671,66618,0.0058116,1.00303,1.59152,2346,Col,52.9582729335,86.00236511230469
324293,W+2_RB2in_S01,2,1,2,1.80507,91627,0.00748606,1.00334,1.8111,2346,Col,66.400062561,97.8815574645996
324293,W+2_RB2out_S01,2,1,2,1.76835,76695,0.00657121,1.00199,1.77186,2346,Col,77.51240793866667,90.54508463541669
324293,W+2_RB3+_S01,2,1,3,1.90189,41583,0.0096963,1.00069,1.9032,2346,Col,92.206577301,97.18975448608398
324293,W+2_RB3-_S01,2,1,3,1.3152,26333,0.0100889,1.0005,1.31586,2346,Col,79.8502845765,85.02532958984375
324293,W+2_RB4+_S01,2,1,4,1.567,30428,0.00576784,1.00144,1.56926,2346,Col,58.095239639,84.39393997192383
324293,W+2_RB4-_S01,2,1,4,1.76571,36732,0.0142768,1.0013,1.768,2346,Col,38.2034626005,89.37969970703125
324293,W+2_RB1in_S02,2,2,1,2.04427,122233,0.0121753,1.00378,2.05199,2346,Col,56.715724945,97.39920043945312
324293,W+2_RB1out_S02,2,2,1,1.7943,89909,0.00608685,1.00276,1.79926,2346,Col,54.9817295075,89.52162170410156
324293,W+2_RB2in_S02,2,2,2,2.08463,124805,0.00529489,1.00355,2.09204,2346,Col,83.5027198795,98.35478591918944
324293,W+2_RB2out_S02,2,2,2,2.0651,114675,0.00722132,1.00258,2.07043,2346,Col,86.402285258,98.4794642130534
324293,W+2_RB3+_S02,2,2,3,1.75588,44984,0.00382529,1.00062,1.75698,2346,Col,93.9949073795,98.7701416015625
324293,W+2_RB3-_S02,2,2,3,1.81089,47543,0.0198827,1.00111,1.81289,2346,Col,92.1387290955,98.10245513916016
324293,W+2_RB4+_S02,2,2,4,1.80884,48475,0.0116422,1.00116,1.81093,2346,Col,66.007751465,96.70419311523438
324293,W+2_RB4-_S02,2,2,4,1.82,37836,0.00745587,1.00111,1.82202,2346,Col,64.76190376299999,95.33796691894533
324293,W+2_RB1in_S03,2,3,1,1.95439,98804,0.00569677,1.00395,1.96211,2346,Col,54.432592392,96.8691291809082
324293,W+2_RB1out_S03,2,3,1,2.05228,95587,0.00579698,1.0039,2.06029,2346,Col,60.963722229,98.25363159179688
324293,W+2_RB2in_S03,2,3,2,1.95739,102111,0.00536738,1.00339,1.96401,2346,Col,81.073982239,97.53589248657228
324293,W+2_RB2out_S03,2,3,2,2.14433,100031,0.0087676,1.00277,2.15028,2346,Col,81.76477050799998,95.58513641357422
324293,W+2_RB3+_S03,2,3,3,2.04074,42427,0.0778259,1.0014,2.04359,2346,Col,91.717731476,97.30862426757812
324293,W+2_RB3-_S03,2,3,3,1.65951,38947,0.0691124,1.00094,1.66107,2346,Col,91.8056411745,98.12364196777344
324293,W+2_RB4+_S03,2,3,4,1.84165,38402,0.00446,1.00144,1.8443,2346,Col,67.400602341,97.60575485229492
324293,W+2_RB4-_S03,2,3,4,1.50531,33284,0.00542716,1.00091,1.50668,2346,Col,48.353658676,96.58572387695312
324293,W+2_RB1in_S04,2,4,1,2.0069,101507,0.125625,1.00435,2.01563,2346,Col,55.2093334195,97.68793869018556
324293,W+2_RB1out_S04,2,4,1,1.98179,93279,0.134423,1.00375,1.98923,2346,Col,60.3426532745,98.1189422607422
324293,W+2_RB2in_S04,2,4,2,2.01358,100244,0.130062,1.00381,2.02125,2346,Col,80.30109787,97.78963851928712
324293,W+2_RB2out_S04,2,4,2,1.81461,82514,0.208304,1.00251,1.81917,2346,Col,83.49372355166666,98.24767303466795
324293,W+2_RB3+_S04,2,4,3,1.70946,36591,0.247139,1.00079,1.71082,2346,Col,93.0258255005,98.44036102294922
324293,W+2_RB3-_S04,2,4,3,1.76102,35835,0.156568,1.00113,1.76301,2346,Col,87.13697814950001,93.74750518798828
324293,W+2_RB4++_S04,2,4,4,1.62394,21108,0.118326,1.00038,1.62457,2346,Col,84.62436675999999,98.2761688232422
324293,W+2_RB4+_S04,2,4,4,1.6992,26256,0.197968,1.00084,1.70063,2346,Col,94.684867859,98.22569274902344
324293,W+2_RB4--_S04,2,4,4,1.5805,20997,0.233195,1.0003,1.58098,2346,Col,70.483007431,97.76503372192384
324293,W+2_RB4-_S04,2,4,4,1.80907,27630,0.109802,1.00046,1.8099,2346,Col,94.7738037105,97.4739227294922
324293,W+2_RB1in_S05,2,5,1,2.03975,98730,0.0976799,1.00371,2.04732,2346,Col,54.7058315275,97.4889144897461
324293,W+2_RB1out_S05,2,5,1,2.3243,103643,0.0719876,1.00387,2.3333,2346,Col,60.27100372300001,97.89194107055664
324293,W+2_RB2in_S05,2,5,2,1.89306,91959,0.0669864,1.00347,1.89963,2346,Col,80.316894531,97.56657409667967
324293,W+2_RB2out_S05,2,5,2,1.9317,85161,0.0745588,1.00289,1.93728,2346,Col,82.83809661866667,97.51631418863931
324293,W+2_RB3+_S05,2,5,3,1.8869,38589,0.00459635,1.00142,1.88958,2346,Col,92.085220337,98.1045150756836
324293,W+2_RB3-_S05,2,5,3,1.92677,40518,0.145704,1.001,1.92869,2346,Col,91.813453674,98.03457260131836
324293,W+2_RB4+_S05,2,5,4,1.7627,33382,0.00517478,1.001,1.76447,2346,Col,51.7482509615,97.76141357421876
324293,W+2_RB4-_S05,2,5,4,1.80251,34363,0.0836655,1.0011,1.8045,2346,Col,60.165056228500006,96.50839233398438
324293,W+2_RB1in_S06,2,6,1,1.97517,95608,0.0050408,1.00379,1.98266,2346,Col,54.390132904,96.0799674987793
324293,W+2_RB1out_S06,2,6,1,1.97882,87917,0.00474915,1.00309,1.98494,2346,Col,59.6010227205,97.4927978515625
324293,W+2_RB2in_S06,2,6,2,1.92571,91941,0.00680714,1.00353,1.93251,2346,Col,80.889259338,97.63292694091795
324293,W+2_RB2out_S06,2,6,2,2.01305,85613,0.00660726,1.0025,2.01808,2346,Col,81.549695333,96.0240987141927
324293,W+2_RB3+_S06,2,6,3,1.73603,36158,0.00187248,1.00101,1.73778,2346,Col,93.5525436405,97.82365036010742
324293,W+2_RB3-_S06,2,6,3,1.82206,37979,0.00345423,1.00106,1.82398,2346,Col,92.3695602415,98.26602172851562
324293,W+2_RB4+_S06,2,6,4,1.68333,31559,0.00378707,1.00117,1.6853,2346,Col,67.358802795,96.32636260986328
324293,W+2_RB4-_S06,2,6,4,1.81153,36247,0.00624719,1.00155,1.81435,2346,Col,63.226602554500005,96.9536361694336
324293,W+2_RB1in_S07,2,7,1,2.08783,101170,0.0384877,1.00344,2.09501,2346,Col,53.6950035095,97.0931282043457
324293,W+2_RB1out_S07,2,7,1,2.09312,93376,0.0417386,1.00324,2.09989,2346,Col,59.553304672,98.10292053222656
324293,W+2_RB2in_S07,2,7,2,2.02695,94695,0.0417826,1.00367,2.0344,2346,Col,0.0,0.0
324293,W+2_RB2out_S07,2,7,2,1.88837,79370,0.0446337,1.00231,1.89274,2346,Col,0.0,0.0
324293,W+2_RB3+_S07,2,7,3,1.97474,41819,0.00892478,1.00128,1.97726,2346,Col,93.446601868,98.65360260009766
324293,W+2_RB3-_S07,2,7,3,1.91444,40029,0.0192262,1.00139,1.9171,2346,Col,91.7288131715,98.22645950317384
324293,W+2_RB4+_S07,2,7,4,1.94295,36205,0.00831813,1.00118,1.94525,2346,Col,46.428569794,98.11320877075195
324293,W+2_RB4-_S07,2,7,4,1.84378,36787,0.00912189,1.00095,1.84553,2346,Col,54.0510520935,94.52054977416992
324293,W+2_RB1in_S08,2,8,1,2.12547,108386,0.0391419,1.00443,2.13489,2346,Col,55.980571747,95.94229888916016
324293,W+2_RB1out_S08,2,8,1,2.04221,92165,0.0417904,1.0036,2.04957,2346,Col,58.8473739625,92.7323989868164
324293,W+2_RB2in_S08,2,8,2,1.78372,79017,0.00977449,1.00381,1.79051,2346,Col,71.7798976895,88.42963790893555
324293,W+2_RB2out_S08,2,8,2,1.39597,55011,0.0487477,1.003,1.40016,2346,Col,71.81096394866667,87.94172922770183
324293,W+2_RB3+_S08,2,8,3,1.95853,44061,0.0061786,1.0012,1.96088,2346,Col,93.89937973,98.74189376831056
324293,W+2_RB3-_S08,2,8,3,1.99214,42072,0.00615559,1.00128,1.99469,2346,Col,91.1524467465,97.52023696899414
324293,W+2_RB4+_S08,2,8,4,0.0,0,0.0,0.0,0.0,2346,Col,0.0,0.0
324293,W+2_RB4-_S08,2,8,4,1.86838,38868,0.00519156,1.0014,1.87099,2346,Col,63.949581146,97.2125015258789
324293,W+2_RB1in_S09,2,9,1,2.35098,109055,0.00840753,1.0039,2.36014,2346,Col,53.777574539,93.78564453125
324293,W+2_RB1out_S09,2,9,1,2.18854,97055,0.00832074,1.00326,2.19567,2346,Col,60.676116943,98.33425521850586
324293,W+2_RB2in_S09,2,9,2,2.12094,106081,0.00825736,1.00363,2.12864,2346,Col,81.9515457155,97.78219604492188
324293,W+2_RB2out_S09,2,9,2,1.77679,81846,0.011115,1.00281,1.78178,2346,Col,83.63868713366666,97.9229024251302
324293,W+2_RB3+_S09,2,9,3,1.71612,36301,0.00534203,1.00057,1.71709,2346,Col,93.298545837,98.51536560058594
324293,W+2_RB3-_S09,2,9,3,1.91187,43281,0.00309215,1.00111,1.91399,2346,Col,93.0053405765,98.24322509765624
324293,W+2_RB4_S09,2,9,4,1.82558,40223,0.00885036,1.00173,1.82873,2346,Col,62.3917751315,97.64883804321288
324293,W+2_RB1in_S10,2,10,1,2.13632,103836,0.00536982,1.00361,2.14404,2346,Col,55.467557907,95.39083862304688
324293,W+2_RB1out_S10,2,10,1,1.95797,89166,0.00483092,1.00335,1.96453,2346,Col,61.028274536,98.10591506958008
324293,W+2_RB2in_S10,2,10,2,2.19443,104229,0.0117692,1.00325,2.20157,2346,Col,81.3374214175,97.89200973510742
324293,W+2_RB2out_S10,2,10,2,1.82306,79086,0.00728429,1.00263,1.82786,2346,Col,82.53759002666668,96.1115264892578
324293,W+2_RB3+_S10,2,10,3,1.87361,39773,0.00428679,1.00094,1.87538,2346,Col,93.0858879085,97.94365692138672
324293,W+2_RB3-_S10,2,10,3,1.8124,37812,0.00417006,1.00072,1.8137,2346,Col,92.164932251,98.28647232055664
324293,W+2_RB4+_S10,2,10,4,1.94787,50590,0.00720006,1.00177,1.95132,2346,Col,96.265224457,98.29266357421876
324293,W+2_RB4-_S10,2,10,4,1.41851,30576,0.0058919,1.00205,1.42141,2346,Col,81.177558899,84.88937377929688
324293,W+2_RB1in_S11,2,11,1,2.44669,120196,0.0092619,1.0044,2.45744,2346,Col,55.259220123000006,96.5245590209961
324293,W+2_RB1out_S11,2,11,1,1.52442,63326,0.00712549,1.00358,1.52987,2346,Col,52.74044799799999,90.68278503417967
324293,W+2_RB2in_S11,2,11,2,1.98792,97132,0.00370439,1.00364,1.99515,2346,Col,81.97220230100001,98.46694946289062
324293,W+2_RB2out_S11,2,11,2,1.83499,80110,0.00989532,1.00273,1.84,2346,Col,83.04528299966667,97.97611745198569
324293,W+2_RB3+_S11,2,11,3,2.09566,42588,0.003789,1.00074,2.09721,2346,Col,90.3373794555,97.8101043701172
324293,W+2_RB3-_S11,2,11,3,0.0,0,0.0,0.0,0.0,2346,Col,0.0,0.0
324293,W+2_RB4_S11,2,11,4,1.81548,36600,0.0207341,1.00134,1.81791,2346,Col,60.541667938,92.00051498413086
324293,W+2_RB1in_S12,2,12,1,2.36622,56186,0.0065698,1.00419,2.37613,2346,Col,25.4073371885,48.929874420166016
324293,W+2_RB1out_S12,2,12,1,1.77913,42701,0.0055831,1.0036,1.78553,2346,Col,30.762274400917647,46.94441223144531
324293,W+2_RB2in_S12,2,12,2,1.91036,94202,0.00571881,1.0034,1.91686,2346,Col,81.25900650049999,98.4809112548828
324293,W+2_RB2out_S12,2,12,2,1.88222,83550,0.00576719,1.00276,1.88741,2346,Col,82.34461975066667,96.1955337524414
324293,W+2_RB3+_S12,2,12,3,1.75852,38422,0.00430226,1.00124,1.7607,2346,Col,92.230567932,98.0041618347168
324293,W+2_RB3-_S12,2,12,3,0.0,0,0.0,0.0,0.0,2346,Col,0.0,0.0
324293,W+2_RB4+_S12,2,12,4,1.90939,40036,0.00557993,1.00153,1.9123,2346,Col,60.235733032,97.73934936523438
324293,W+2_RB4-_S12,2,12,4,1.71885,24607,0.00419111,1.00056,1.71981,2346,Col,39.0664958955,93.05184936523438
